gene_id,gene_symbol
ENSG00000188290,HES4
ENSG00000187608,ISG15
ENSG00000188157,AGRN
ENSG00000186891,TNFRSF18
ENSG00000186827,TNFRSF4
ENSG00000269737,RP11-345P4.7
ENSG00000162444,RBP7
ENSG00000177674,AGTRAP
ENSG00000083444,PLOD1
ENSG00000028137,TNFRSF1B
ENSG00000048707,VPS13D
ENSG00000142634,EFHD2
ENSG00000037637,FBXO42
ENSG00000074964,ARHGEF10L
ENSG00000040487,PQLC2
ENSG00000158825,CDA
ENSG00000142798,HSPG2
ENSG00000173372,C1QA
ENSG00000173369,C1QB
ENSG00000117318,ID3
ENSG00000142669,SH3BGRL3
ENSG00000158062,UBXN11
ENSG00000169442,CD52
ENSG00000176083,ZNF683
ENSG00000000938,FGR
ENSG00000126709,IFI6
ENSG00000169403,PTAFR
ENSG00000162512,SDC3
ENSG00000160062,ZBTB8A
ENSG00000134686,PHC2
ENSG00000232335,RP11-435D7.3
ENSG00000214193,SH3D21
ENSG00000116883,RP11-268J15.5
ENSG00000119535,CSF3R
ENSG00000162366,PDZK1IP1
ENSG00000162367,TAL1
ENSG00000177606,JUN
ENSG00000152760,TCTEX1D1
ENSG00000116729,WLS
ENSG00000234184,RP5-887A10.1
ENSG00000117114,LPHN2
ENSG00000203943,SAMD13
ENSG00000171502,COL24A1
ENSG00000143013,LMO4
ENSG00000162692,VCAM1
ENSG00000121957,GPSM2
ENSG00000064886,CHI3L2
ENSG00000155366,RHOC
ENSG00000134198,TSPAN2
ENSG00000233730,RP4-666F24.3
ENSG00000134256,CD101
ENSG00000198019,FCGR1B
ENSG00000117281,CD160
ENSG00000232721,RP11-403I13.5
ENSG00000150337,FCGR1A
ENSG00000014914,MTMR11
ENSG00000163131,CTSS
ENSG00000197747,S100A10
ENSG00000163191,S100A11
ENSG00000163220,S100A9
ENSG00000163221,S100A12
ENSG00000143546,S100A8
ENSG00000197956,S100A6
ENSG00000196154,S100A4
ENSG00000189171,S100A13
ENSG00000143545,RAB13
ENSG00000177954,RPS27
ENSG00000143603,KCNN3
ENSG00000160789,LMNA
ENSG00000163534,FCRL1
ENSG00000158481,CD1C
ENSG00000163563,MNDA
ENSG00000179639,FCER1A
ENSG00000179914,ITLN1
ENSG00000158869,FCER1G
ENSG00000143226,FCGR2A
ENSG00000173110,HSPA6
ENSG00000203747,FCGR3A
ENSG00000132185,FCRLA
ENSG00000185630,PBX1
ENSG00000143185,XCL2
ENSG00000143184,XCL1
ENSG00000270084,GAS5-AS1
ENSG00000116191,RALGPS2
ENSG00000116701,NCF2
ENSG00000090104,RGS1
ENSG00000116741,RGS2
ENSG00000228288,PCAT6
ENSG00000163485,ADORA1
ENSG00000196533,C1orf186
ENSG00000233501,SRGAP2-AS1
ENSG00000174059,CD34
ENSG00000123689,G0S2
ENSG00000162772,ATF3
ENSG00000123685,BATF3
ENSG00000221571,RNU6ATAC35P
ENSG00000143776,CDC42BPA
ENSG00000228058,RP11-552D4.1
ENSG00000238005,RP11-443B7.1
ENSG00000143653,SCCPDH
ENSG00000162711,NLRP3
ENSG00000169224,GCSAML
ENSG00000162722,TRIM58
ENSG00000115738,ID2
ENSG00000233718,MYCNOS
ENSG00000134323,MYCN
ENSG00000143878,RHOB
ENSG00000273233,RP11-713D19.1
ENSG00000091106,NLRC4
ENSG00000115828,QPCT
ENSG00000138061,CYP1B1
ENSG00000232973,CYP1B1-AS1
ENSG00000143947,RPS27A
ENSG00000115355,CCDC88A
ENSG00000115392,FANCL
ENSG00000233723,LINC01122
ENSG00000186889,TMEM17
ENSG00000143995,MEIS1
ENSG00000163235,TGFA
ENSG00000124357,NAGK
ENSG00000217702,MGC10955
ENSG00000034510,TMSB10
ENSG00000042493,CAPG
ENSG00000115523,GNLY
ENSG00000168874,ATOH8
ENSG00000153563,CD8A
ENSG00000172116,CD8B
ENSG00000273445,RP11-1399P15.1
ENSG00000158050,DUSP2
ENSG00000071082,RPL31
ENSG00000115641,FHL2
ENSG00000198075,SULT1C4
ENSG00000136688,IL36G
ENSG00000136689,IL1RN
ENSG00000019169,MARCO
ENSG00000163083,INHBB
ENSG00000121966,CXCR4
ENSG00000150540,HNMT
ENSG00000224152,AC009506.1
ENSG00000169432,SCN9A
ENSG00000213160,KLHL23
ENSG00000079156,OSBPL6
ENSG00000003436,TFPI
ENSG00000187699,C2orf88
ENSG00000168497,SDPR
ENSG00000144395,CCDC150
ENSG00000224137,AC079767.4
ENSG00000118231,CRYGD
ENSG00000196096,AC079610.2
ENSG00000197756,RPL37A
ENSG00000179921,GPBAR1
ENSG00000158428,C2orf62
ENSG00000018280,SLC11A1
ENSG00000115568,ZNF142
ENSG00000135929,CYP27A1
ENSG00000175084,DES
ENSG00000124006,OBSL1
ENSG00000124019,FAM124B
ENSG00000153823,PID1
ENSG00000156966,B3GNT7
ENSG00000125046,SSUH2
ENSG00000134072,CAMK1
ENSG00000144713,RPL32
ENSG00000206560,ANKRD28
ENSG00000151789,ZNF385D
ENSG00000187118,CMC1
ENSG00000235904,RBMS3-AS3
ENSG00000271653,RP11-259K5.1
ENSG00000144668,ITGA9
ENSG00000230084,RP4-613B23.1
ENSG00000225611,RP11-70C1.1
ENSG00000144647,POMGNT2
ENSG00000183625,CCR3
ENSG00000088727,KIF9
ENSG00000114270,COL7A1
ENSG00000233276,GPX1
ENSG00000185614,FAM212A
ENSG00000186792,HYAL3
ENSG00000010327,STAB1
ENSG00000157445,CACNA2D3
ENSG00000163687,DNASE1L3
ENSG00000198643,FAM3D
ENSG00000114541,FRMD4B
ENSG00000163421,PROK2
ENSG00000241163,LINC00877
ENSG00000179097,HTR1F
ENSG00000121570,DPPA4
ENSG00000181847,TIGIT
ENSG00000172020,GAP43
ENSG00000145088,EAF2
ENSG00000121552,CSTA
ENSG00000180767,CHST13
ENSG00000074416,MGLL
ENSG00000179348,GATA2
ENSG00000244300,RP11-475N22.4
ENSG00000169704,GP9
ENSG00000017260,ATP2C1
ENSG00000198585,NUDT16
ENSG00000158186,MRAS
ENSG00000152952,PLOD2
ENSG00000153002,CPB1
ENSG00000163751,CPA3
ENSG00000169908,TM4SF1
ENSG00000144893,MED12L
ENSG00000152580,IGSF10
ENSG00000241770,RP11-555M1.3
ENSG00000151967,SCHIP1
ENSG00000180044,C3orf80
ENSG00000085276,MECOM
ENSG00000121858,TNFSF10
ENSG00000175182,FAM131A
ENSG00000073792,IGF2BP2
ENSG00000113916,BCL6
ENSG00000234076,TPRG1-AS1
ENSG00000114315,HES1
ENSG00000189058,APOD
ENSG00000163958,ZDHHC19
ENSG00000159674,SPON2
ENSG00000273179,RP11-20I20.4
ENSG00000145220,LYAR
ENSG00000168818,STX18
ENSG00000137449,CPEB2
ENSG00000109743,BST1
ENSG00000137441,FGFBP2
ENSG00000007062,PROM1
ENSG00000154277,UCHL1
ENSG00000157404,KIT
ENSG00000171476,HOPX
ENSG00000128040,SPINK2
ENSG00000163453,IGFBP7
ENSG00000132465,IGJ
ENSG00000169429,IL8
ENSG00000163737,PF4
ENSG00000163736,PPBP
ENSG00000169245,CXCL10
ENSG00000145287,PLAC8
ENSG00000138639,ARHGAP24
ENSG00000145335,SNCA
ENSG00000138722,MMRN1
ENSG00000163106,HPGDS
ENSG00000153064,BANK1
ENSG00000109475,RPL34
ENSG00000145425,RPS3A
ENSG00000121211,MND1
ENSG00000164116,GUCY1A3
ENSG00000061918,GUCY1B3
ENSG00000145416,MARCH1
ENSG00000196104,SPOCK3
ENSG00000151725,CENPU
ENSG00000251230,RP11-701P16.5
ENSG00000063438,AHRR
ENSG00000145506,NKD2
ENSG00000164237,CMBL
ENSG00000113389,NPR3
ENSG00000251443,RP11-113I22.1
ENSG00000113494,PRLR
ENSG00000250722,SEPP1
ENSG00000113088,GZMK
ENSG00000145649,GZMA
ENSG00000249736,RP11-83M16.5
ENSG00000249437,NAIP
ENSG00000171643,S100Z
ENSG00000145708,CRHBP
ENSG00000132846,ZBED3
ENSG00000164309,CMYA5
ENSG00000186468,RPS23
ENSG00000038427,VCAN
ENSG00000245526,LINC00461
ENSG00000248323,LUCAT1
ENSG00000134986,NREP
ENSG00000164403,SHROOM1
ENSG00000120708,TGFBI
ENSG00000120729,MYOT
ENSG00000170476,MZB1
ENSG00000269071,AC138517.1
ENSG00000113070,HBEGF
ENSG00000170458,CD14
ENSG00000164265,SCGB3A2
ENSG00000182578,CSF1R
ENSG00000011083,SLC6A7
ENSG00000019582,CD74
ENSG00000164587,RPS14
ENSG00000113140,SPARC
ENSG00000120129,DUSP1
ENSG00000160883,HK3
ENSG00000213347,MXD3
ENSG00000146054,TRIM7
ENSG00000054598,FOXC1
ENSG00000219607,PPP1R3G
ENSG00000124491,F13A1
ENSG00000112799,LY86
ENSG00000111863,ADTRP
ENSG00000112149,CD83
ENSG00000137198,GMPR
ENSG00000124766,SOX4
ENSG00000206503,HLA-A
ENSG00000137331,IER3
ENSG00000206344,HCG27
ENSG00000204525,HLA-C
ENSG00000234745,HLA-B
ENSG00000227507,LTB
ENSG00000204482,LST1
ENSG00000204475,NCR3
ENSG00000204472,AIF1
ENSG00000204287,HLA-DRA
ENSG00000198502,HLA-DRB5
ENSG00000196126,HLA-DRB1
ENSG00000196735,HLA-DQA1
ENSG00000179344,HLA-DQB1
ENSG00000237541,HLA-DQA2
ENSG00000241106,HLA-DOB
ENSG00000242574,HLA-DMB
ENSG00000204257,HLA-DMA
ENSG00000231389,HLA-DPA1
ENSG00000223865,HLA-DPB1
ENSG00000231500,RPS18
ENSG00000124762,CDKN1A
ENSG00000164530,PI16
ENSG00000146192,FGD2
ENSG00000161911,TREML1
ENSG00000124731,TREM1
ENSG00000112561,TFEB
ENSG00000272114,RP1-261G23.7
ENSG00000146070,PLA2G7
ENSG00000225096,XXbac-BPG55C20.7
ENSG00000079841,RIMS1
ENSG00000156508,EEF1A1
ENSG00000156535,CD109
ENSG00000272403,RP1-93H18.7
ENSG00000188820,FAM26F
ENSG00000188580,NKAIN2
ENSG00000118520,ARG1
ENSG00000112306,RPS12
ENSG00000118513,MYB
ENSG00000135525,MAP7
ENSG00000112414,GPR126
ENSG00000118495,PLAGL1
ENSG00000118508,RAB32
ENSG00000120279,MYCT1
ENSG00000177706,FAM20C
ENSG00000164880,INTS1
ENSG00000075624,ACTB
ENSG00000075618,FSCN1
ENSG00000260054,RP11-611L7.1
ENSG00000106537,TSPAN13
ENSG00000271133,CTA-293F17.1
ENSG00000136235,GPNMB
ENSG00000225792,AC004540.4
ENSG00000106004,HOXA5
ENSG00000106006,HOXA6
ENSG00000122592,HOXA7
ENSG00000253187,HOXA10-AS
ENSG00000253293,HOXA10
ENSG00000106066,CPVL
ENSG00000180354,MTURN
ENSG00000263683,RP4-777O23.1
ENSG00000106605,BLVRA
ENSG00000183166,CALN1
ENSG00000077800,FKBP6
ENSG00000127951,FGL2
ENSG00000273341,RP5-899E9.1
ENSG00000127955,GNAI1
ENSG00000105810,CDK6
ENSG00000237819,AC002454.1
ENSG00000105825,TFPI2
ENSG00000066923,STAG3
ENSG00000085514,PILRA
ENSG00000106327,TFR2
ENSG00000214194,LINC00998
ENSG00000106484,MEST
ENSG00000174595,KLF14
ENSG00000157703,SVOPL
ENSG00000258227,CLEC5A
ENSG00000204983,PRSS1
ENSG00000106123,EPHB6
ENSG00000181444,ZNF467
ENSG00000188707,ZBED6CL
ENSG00000179144,GIMAP7
ENSG00000106565,TMEM176B
ENSG00000002933,TMEM176A
ENSG00000233038,AC011899.9
ENSG00000198223,CSF2RA
ENSG00000205542,TMSB4X
ENSG00000087842,PIR
ENSG00000123130,ACOT9
ENSG00000130066,SAT1
ENSG00000165168,CYBB
ENSG00000235304,RP11-265P11.2
ENSG00000126759,CFP
ENSG00000102145,GATA1
ENSG00000049768,FOXP3
ENSG00000196368,NUDT11
ENSG00000179304,FAM156B
ENSG00000124313,IQSEC2
ENSG00000102302,FGD1
ENSG00000186810,CXCR3
ENSG00000198034,RPS4X
ENSG00000186462,NAP1L2
ENSG00000147180,ZNF711
ENSG00000102362,SYTL4
ENSG00000126947,ARMCX1
ENSG00000185222,WBP5
ENSG00000157514,TSC22D3
ENSG00000184785,SMIM10
ENSG00000225235,DDX26B-AS1
ENSG00000029993,HMGB3
ENSG00000147403,RPL10
ENSG00000155962,CLIC2
ENSG00000036448,MYOM2
ENSG00000253958,CLDN23
ENSG00000171056,SOX7
ENSG00000136573,BLK
ENSG00000255098,RP11-481A20.11
ENSG00000168081,PNOC
ENSG00000259607,CTD-2647L4.5
ENSG00000120875,DUSP4
ENSG00000157110,RBPMS
ENSG00000157168,NRG1
ENSG00000247134,RP11-11N9.4
ENSG00000183779,ZNF703
ENSG00000156675,RAB11FIP1
ENSG00000147535,PPAPDC1B
ENSG00000169499,PLEKHA2
ENSG00000221869,CEBPD
ENSG00000272010,CTD-3025N20.3
ENSG00000147604,RPL7
ENSG00000121005,CRISPLD1
ENSG00000164687,FABP5
ENSG00000164695,CHMP4C
ENSG00000246792,RP11-68L18.1
ENSG00000253250,C8orf88
ENSG00000188343,FAM92A1
ENSG00000104341,LAPTM4B
ENSG00000248599,RP11-302J23.1
ENSG00000236939,C8orf56
ENSG00000164929,BAALC
ENSG00000154188,ANGPT1
ENSG00000155792,DEPTOR
ENSG00000147687,TATDN1
ENSG00000173334,TRIB1
ENSG00000136997,MYC
ENSG00000253433,AC083843.3
ENSG00000254372,RP11-343P9.1
ENSG00000105339,DENND3
ENSG00000197353,LYPD2
ENSG00000104499,GML
ENSG00000161016,RPL8
ENSG00000270547,RP11-536O18.2
ENSG00000164989,CCDC171
ENSG00000044459,CNTLN
ENSG00000137154,RPS6
ENSG00000010438,PRSS3
ENSG00000137101,CD72
ENSG00000137103,TMEM8B
ENSG00000122694,GLIPR2
ENSG00000196092,PAX5
ENSG00000165092,ALDH1A1
ENSG00000196730,DAPK1
ENSG00000130222,GADD45G
ENSG00000136929,HEMGN
ENSG00000165152,TMEM246
ENSG00000136826,KLF4
ENSG00000119457,SLC46A2
ENSG00000136867,SLC31A2
ENSG00000157653,C9orf43
ENSG00000095397,DFNB31
ENSG00000106689,LHX2
ENSG00000233901,RP11-65J3.1
ENSG00000196979,AL360004.1
ENSG00000126883,NUP214
ENSG00000160539,PPAPDC3
ENSG00000165695,AK8
ENSG00000165702,GFI1B
ENSG00000186350,RXRA
ENSG00000085265,FCN1
ENSG00000130558,OLFM1
ENSG00000187796,CARD9
ENSG00000228401,RP11-251M1.1
ENSG00000172889,EGFL7
ENSG00000165716,FAM69B
ENSG00000204001,LCN8
ENSG00000107317,PTGDS
ENSG00000169583,CLIC3
ENSG00000067082,KLF6
ENSG00000134460,IL2RA
ENSG00000026025,VIM
ENSG00000148488,ST8SIA6
ENSG00000177283,FZD8
ENSG00000196793,ZNF239
ENSG00000107551,RASSF4
ENSG00000269700,AC069547.2
ENSG00000228651,RP11-556E13.1
ENSG00000108176,DNAJC12
ENSG00000122862,SRGN
ENSG00000180644,PRF1
ENSG00000197746,PSAP
ENSG00000138326,RPS24
ENSG00000108179,PPIF
ENSG00000273413,RP11-96C23.15
ENSG00000235100,RP11-80H5.9
ENSG00000138185,ENTPD1
ENSG00000107447,DNTT
ENSG00000052749,RRP12
ENSG00000150594,ADRA2A
ENSG00000165650,PDZD8
ENSG00000182022,CHST15
ENSG00000203780,FANK1
ENSG00000132334,PTPRE
ENSG00000171794,UTF1
ENSG00000151650,VENTX
ENSG00000235245,RP11-122K13.12
ENSG00000148803,FUOM
ENSG00000185201,IFITM2
ENSG00000142089,IFITM3
ENSG00000070031,SCT
ENSG00000177600,RPLP2
ENSG00000250644,RP11-295K3.1
ENSG00000181649,PHLDA2
ENSG00000244734,HBB
ENSG00000223609,HBD
ENSG00000196565,HBG2
ENSG00000170955,PRKCDBP
ENSG00000254665,RP11-152H18.3
ENSG00000148926,ADM
ENSG00000066382,MPPED2
ENSG00000166016,ABTB2
ENSG00000166352,C11orf74
ENSG00000110492,MDK
ENSG00000134574,DDB2
ENSG00000110514,MADD
ENSG00000066336,SPI1
ENSG00000172247,C1QTNF4
ENSG00000149131,SERPING1
ENSG00000197629,MPEG1
ENSG00000214797,RP11-1036E20.9
ENSG00000110077,MS4A6A
ENSG00000166927,MS4A7
ENSG00000156738,MS4A1
ENSG00000110446,SLC15A3
ENSG00000162144,CYB561A3
ENSG00000134824,FADS2
ENSG00000149485,FADS1
ENSG00000167996,FTH1
ENSG00000256690,RP11-727F15.9
ENSG00000133317,LGALS12
ENSG00000176485,PLA2G16
ENSG00000231680,AP003774.6
ENSG00000245532,NEAT1
ENSG00000251562,MALAT1
ENSG00000173442,EHBP1L1
ENSG00000173338,KCNK7
ENSG00000254470,AP5B1
ENSG00000172543,CTSW
ENSG00000175294,CATSPER1
ENSG00000174165,ZDHHC24
ENSG00000173914,RBM4B
ENSG00000173653,RCE1
ENSG00000084207,GSTP1
ENSG00000132744,ACY3
ENSG00000006534,ALDH3B1
ENSG00000110203,FOLR3
ENSG00000165457,FOLR2
ENSG00000186635,ARAP1
ENSG00000175591,P2RY2
ENSG00000054967,RELT
ENSG00000175538,KCNE3
ENSG00000149273,RPS3
ENSG00000255363,RP11-672A2.5
ENSG00000118369,USP35
ENSG00000073921,PICALM
ENSG00000150687,PRSS23
ENSG00000269895,AP000654.4
ENSG00000166002,SMCO4
ENSG00000023445,BIRC3
ENSG00000150782,IL18
ENSG00000166682,TMPRSS5
ENSG00000256452,RP11-667M19.10
ENSG00000149591,TAGLN
ENSG00000137731,FXYD2
ENSG00000160593,AMICA1
ENSG00000198851,CD3E
ENSG00000167286,CD3D
ENSG00000255422,AP002954.4
ENSG00000181264,TMEM136
ENSG00000154146,NRGN
ENSG00000154133,ROBO4
ENSG00000084234,APLP2
ENSG00000256948,RP11-598F7.3
ENSG00000151062,CACNA2D4
ENSG00000139190,VAMP1
ENSG00000111640,GAPDH
ENSG00000010610,CD4
ENSG00000250510,GPR162
ENSG00000177575,CD163
ENSG00000111704,NANOG
ENSG00000111729,CLEC4A
ENSG00000226091,LINC00937
ENSG00000205846,CLEC6A
ENSG00000166527,CLEC4D
ENSG00000166523,CLEC4E
ENSG00000111796,KLRB1
ENSG00000150045,KLRF1
ENSG00000225231,AC091814.2
ENSG00000256660,CLEC12B
ENSG00000172243,CLEC7A
ENSG00000139112,GABARAPL1
ENSG00000134539,KLRD1
ENSG00000205809,KLRC2
ENSG00000134545,KLRC1
ENSG00000256039,RP11-291B21.2
ENSG00000134531,EMP1
ENSG00000121316,PLBD1
ENSG00000060982,BCAT1
ENSG00000180116,C12orf40
ENSG00000161800,RACGAP1
ENSG00000050438,SLC4A8
ENSG00000196876,SCN8A
ENSG00000139567,ACVRL1
ENSG00000161835,GRASP
ENSG00000135480,KRT7
ENSG00000167768,KRT1
ENSG00000170421,KRT8
ENSG00000135409,AMHR2
ENSG00000135424,ITGA7
ENSG00000196465,MYL6B
ENSG00000123384,LRP1
ENSG00000257698,RP11-620J15.3
ENSG00000174099,MSRB3
ENSG00000149948,HMGA2
ENSG00000111537,IFNG
ENSG00000090382,LYZ
ENSG00000257764,RP11-1143G9.4
ENSG00000271614,LINC00936
ENSG00000133639,BTG1
ENSG00000122986,HVCN1
ENSG00000139410,SDSL
ENSG00000088992,TESC
ENSG00000182782,HCAR2
ENSG00000255398,HCAR3
ENSG00000151948,GLT1D1
ENSG00000198598,MMP17
ENSG00000122026,RPL21
ENSG00000165556,CDX2
ENSG00000122025,FLT3
ENSG00000102804,TSC22D1
ENSG00000102445,KIAA0226L
ENSG00000165659,DACH1
ENSG00000134873,CLDN10
ENSG00000102524,TNFSF13B
ENSG00000139832,RAB20
ENSG00000134905,CARS2
ENSG00000184497,TMEM255B
ENSG00000169413,RNASE6
ENSG00000129538,RNASE1
ENSG00000155465,SLC7A7
ENSG00000100884,CPNE6
ENSG00000100918,REC8
ENSG00000205978,NYNRIN
ENSG00000100450,GZMH
ENSG00000100453,GZMB
ENSG00000100906,NFKBIA
ENSG00000131981,LGALS3
ENSG00000151838,CCDC175
ENSG00000170345,FOS
ENSG00000140044,JDP2
ENSG00000140022,STON2
ENSG00000140090,SLC24A4
ENSG00000165949,IFI27
ENSG00000197249,SERPINA1
ENSG00000213231,TCL1B
ENSG00000100721,TCL1A
ENSG00000257275,RP11-164H13.1
ENSG00000185215,TNFAIP2
ENSG00000166165,CKB
ENSG00000182809,CRIP2
ENSG00000227468,AL928742.12
ENSG00000253701,AL928768.3
ENSG00000226777,KIAA0125
ENSG00000182636,NDN
ENSG00000104142,VPS18
ENSG00000128917,DLL4
ENSG00000128965,CHAC1
ENSG00000166963,MAP1A
ENSG00000166710,B2M
ENSG00000104043,ATP8B4
ENSG00000140284,SLC27A2
ENSG00000137869,CYP19A1
ENSG00000138587,MNS1
ENSG00000247982,LINC00926
ENSG00000182718,ANXA2
ENSG00000157734,SNX22
ENSG00000174444,RPL4
ENSG00000137818,RPLP1
ENSG00000260988,RP11-285A1.1
ENSG00000166426,CRABP1
ENSG00000103811,CTSH
ENSG00000183496,MEX3B
ENSG00000140600,SH3GL3
ENSG00000188095,MESP2
ENSG00000166825,ANPEP
ENSG00000242498,C15orf38
ENSG00000258476,RP11-76E17.3
ENSG00000254744,CTD-3076O17.1
ENSG00000161980,POLR3K
ENSG00000188536,HBA2
ENSG00000206172,HBA1
ENSG00000172236,TPSAB1
ENSG00000261505,LA16c-358B7.3
ENSG00000260646,LA16c-385E7.1
ENSG00000198736,MSRB1
ENSG00000140988,RPS2
ENSG00000183971,NPW
ENSG00000259780,RP11-304L19.12
ENSG00000262482,LA16c-321D4.2
ENSG00000008517,IL32
ENSG00000103313,MEFV
ENSG00000048462,TNFRSF17
ENSG00000140749,IGSF6
ENSG00000103404,USP31
ENSG00000259806,CTD-2196E14.4
ENSG00000077238,IL4R
ENSG00000184730,APOBR
ENSG00000196502,SULT1A1
ENSG00000196296,ATP2A1
ENSG00000177455,CD19
ENSG00000198106,SNX29P2
ENSG00000103485,QPRT
ENSG00000103490,PYCARD
ENSG00000087253,LPCAT2
ENSG00000198848,CES1
ENSG00000087237,CETP
ENSG00000140932,CMTM2
ENSG00000166592,RRAD
ENSG00000140939,NOL3
ENSG00000179044,EXOC3L1
ENSG00000159713,TPPP3
ENSG00000159714,ZDHHC1
ENSG00000260156,RP11-394B2.6
ENSG00000257017,HP
ENSG00000166816,LDHD
ENSG00000260228,RP11-483P21.2
ENSG00000103175,WFDC1
ENSG00000103196,CRISPLD2
ENSG00000154102,C16orf74
ENSG00000140968,IRF8
ENSG00000103264,FBXO31
ENSG00000051523,CYBA
ENSG00000167526,RPL13
ENSG00000140995,DEF8
ENSG00000167716,WDR81
ENSG00000070444,MNT
ENSG00000262903,RP11-235E17.6
ENSG00000083454,P2RX5
ENSG00000108518,PFN1
ENSG00000161929,SCIMP
ENSG00000132514,CLEC10A
ENSG00000161944,ASGR2
ENSG00000141505,ASGR1
ENSG00000170296,GABARAP
ENSG00000129226,CD68
ENSG00000179094,PER1
ENSG00000133026,MYH10
ENSG00000161973,CCDC42
ENSG00000007237,GAS7
ENSG00000205309,NT5M
ENSG00000176994,SMCR8
ENSG00000265185,SNORD3B-1
ENSG00000262074,SNORD3B-2
ENSG00000262202,SNORD3D
ENSG00000142494,SLC47A1
ENSG00000109113,RAB34
ENSG00000184060,ADAP2
ENSG00000006042,TMEM98
ENSG00000161570,CCL5
ENSG00000006075,CCL3
ENSG00000129277,CCL4
ENSG00000171403,KRT9
ENSG00000177469,PTRF
ENSG00000033627,ATP6V0A1
ENSG00000184451,CCR10
ENSG00000030582,GRN
ENSG00000233101,HOXB-AS3
ENSG00000120075,HOXB5
ENSG00000108846,ABCC3
ENSG00000180891,CUEDC1
ENSG00000005381,MPO
ENSG00000141378,PTRH2
ENSG00000198909,MAP3K3
ENSG00000007312,CD79B
ENSG00000267365,KCNJ2-AS1
ENSG00000133195,SLC39A11
ENSG00000167851,CD300A
ENSG00000178789,CD300LB
ENSG00000167850,CD300C
ENSG00000261222,CTD-2006K23.1
ENSG00000186407,CD300E
ENSG00000259120,SMIM6
ENSG00000132475,H3F3B
ENSG00000129657,SEC14L1
ENSG00000035862,TIMP2
ENSG00000173894,CBX2
ENSG00000171298,GAA
ENSG00000175866,BAIAP2
ENSG00000185168,LINC00482
ENSG00000184009,ACTG1
ENSG00000169750,RAC3
ENSG00000141526,SLC16A3
ENSG00000173762,CD7
ENSG00000141574,SECTM1
ENSG00000176845,METRNL
ENSG00000079134,THOC1
ENSG00000176912,C18orf56
ENSG00000132205,EMILIN2
ENSG00000265962,RP11-674N23.1
ENSG00000168461,RAB31
ENSG00000198795,ZNF521
ENSG00000134755,DSC2
ENSG00000046604,DSG2
ENSG00000141429,GALNT1
ENSG00000267627,RP11-905K4.1
ENSG00000197046,SIGLEC15
ENSG00000197632,SERPINB2
ENSG00000196209,SIRPB2
ENSG00000101307,SIRPB1
ENSG00000198053,SIRPA
ENSG00000088882,CPXM1
ENSG00000101200,AVP
ENSG00000088827,SIGLEC1
ENSG00000229539,RP11-119B16.2
ENSG00000101333,PLCB4
ENSG00000125810,CD93
ENSG00000101439,CST3
ENSG00000077984,CST7
ENSG00000125968,ID1
ENSG00000101336,HCK
ENSG00000088305,DNMT3B
ENSG00000230753,RP4-553F4.6
ENSG00000204103,MAFB
ENSG00000100979,PLTP
ENSG00000101017,CD40
ENSG00000196562,SULF2
ENSG00000177410,ZFAS1
ENSG00000224397,RP11-290F20.3
ENSG00000026559,KCNG1
ENSG00000101132,PFDN4
ENSG00000101160,CTSZ
ENSG00000101162,TUBB1
ENSG00000124215,CDH26
ENSG00000172232,AZU1
ENSG00000196415,PRTN3
ENSG00000197561,ELANE
ENSG00000197766,CFD
ENSG00000167470,MIDN
ENSG00000172081,MOB3A
ENSG00000178297,TMPRSS9
ENSG00000095932,C19orf77
ENSG00000167671,UBXN6
ENSG00000167680,SEMA6B
ENSG00000125726,CD70
ENSG00000076944,STXBP2
ENSG00000104918,RETN
ENSG00000183019,C19orf59
ENSG00000104921,FCER2
ENSG00000182566,CLEC4G
ENSG00000133246,PRAM1
ENSG00000142347,MYO1F
ENSG00000090339,ICAM1
ENSG00000105371,ICAM4
ENSG00000220201,ZGLP1
ENSG00000180739,S1PR5
ENSG00000214212,C19orf38
ENSG00000105520,DKFZP761J1410
ENSG00000198003,CCDC151
ENSG00000132004,FBXW9
ENSG00000267791,CTD-2659N19.2
ENSG00000171223,JUNB
ENSG00000105610,KLF1
ENSG00000160888,IER2
ENSG00000267519,MIR24-2
ENSG00000160111,CPAMD8
ENSG00000167483,FAM129C
ENSG00000105640,RPL18A
ENSG00000216490,IFI30
ENSG00000130522,JUND
ENSG00000175489,LRRC25
ENSG00000051128,HOMER3
ENSG00000267296,CEBPA-AS1
ENSG00000153885,KCTD15
ENSG00000012124,CD22
ENSG00000185897,FFAR3
ENSG00000126262,FFAR2
ENSG00000272333,KMT2B
ENSG00000126264,HCST
ENSG00000011600,TYROBP
ENSG00000167641,PPP1R14A
ENSG00000128016,ZFP36
ENSG00000090924,PLEKHG2
ENSG00000105205,CLC
ENSG00000090013,BLVRB
ENSG00000204978,C19orf69
ENSG00000105352,CEACAM4
ENSG00000105372,RPS19
ENSG00000105369,CD79A
ENSG00000028277,POU2F2
ENSG00000167378,IRGQ
ENSG00000011422,PLAUR
ENSG00000216588,IGSF23
ENSG00000130208,APOC1
ENSG00000104892,KLC3
ENSG00000125740,FOSB
ENSG00000125744,RTN2
ENSG00000160013,PTGIR
ENSG00000197405,C5AR1
ENSG00000134830,C5AR2
ENSG00000024422,EHD2
ENSG00000087086,FTL
ENSG00000104894,CD37
ENSG00000142538,PTH2
ENSG00000142541,RPL13A
ENSG00000104870,FCGRT
ENSG00000142546,NOSIP
ENSG00000269404,SPIB
ENSG00000235034,C19orf81
ENSG00000105383,CD33
ENSG00000105374,NKG7
ENSG00000171051,FPR1
ENSG00000197937,ZNF347
ENSG00000142405,NLRP12
ENSG00000170909,OSCAR
ENSG00000204577,LILRB3
ENSG00000244482,LILRA6
ENSG00000131042,LILRB2
ENSG00000170866,LILRA3
ENSG00000187116,LILRA5
ENSG00000167618,LAIR2
ENSG00000239998,LILRA2
ENSG00000186818,LILRB4
ENSG00000268734,CTB-61M7.2
ENSG00000160439,RDH13
ENSG00000105048,TNNT1
ENSG00000167646,DNAAF3
ENSG00000268750,CTD-2583A14.10
ENSG00000083845,RPS5
ENSG00000177663,IL17RA
ENSG00000184702,SEPT5
ENSG00000099917,MED15
ENSG00000224086,LL22NC03-86G7.1
ENSG00000169575,VPREB1
ENSG00000254709,IGLL5
ENSG00000128322,IGLL1
ENSG00000128218,VPREB3
ENSG00000186998,EMID1
ENSG00000205853,RFPL3S
ENSG00000100234,TIMP3
ENSG00000100292,HMOX1
ENSG00000273044,RP4-569D19.8
ENSG00000100385,IL2RB
ENSG00000100079,LGALS2
ENSG00000100097,LGALS1
ENSG00000128383,APOBEC3A
ENSG00000100316,RPL3
ENSG00000273424,CTA-223H9.9
ENSG00000100147,CCDC134
ENSG00000159958,TNFRSF13C
ENSG00000235568,NFAM1
ENSG00000270022,RNU12
ENSG00000100300,TSPO
ENSG00000100364,KIAA0930
ENSG00000100373,UPK3A
ENSG00000196576,PLXNB2
ENSG00000130489,SCO2
ENSG00000025708,TYMP
ENSG00000177989,ODF3B
ENSG00000273272,CTA-384D8.34
ENSG00000180530,NRIP1
ENSG00000229425,AJ006998.2
ENSG00000233236,AP001171.1
ENSG00000166265,CYYR1
ENSG00000273464,RP11-313P22.1
ENSG00000227757,AP000282.2
ENSG00000223799,IL10RB-AS1
ENSG00000180509,KCNE1
ENSG00000142197,DOPEY2
ENSG00000157554,ERG
ENSG00000160194,NDUFV3
ENSG00000160209,PDXK
ENSG00000215458,AP001053.11
ENSG00000241945,PWP2
ENSG00000237604,AP001056.1
ENSG00000142185,TRPM2
ENSG00000160307,S100B
ENSG00000198888,MT-ND1
ENSG00000198763,MT-ND2
ENSG00000198804,MT-CO1
ENSG00000198712,MT-CO2
ENSG00000198899,MT-ATP6
ENSG00000198938,MT-CO3
ENSG00000198886,MT-ND4
ENSG00000198727,MT-CYB
