cluster,rank,gene_id,gene_symbol,scores,logfoldchanges,pvals,pvals_adj,pct_nz_group,pct_nz_reference
0,1,ENSG00000172116,CD8B,145.35703,5.9556518,0.0,0.0,0.7409797594602523,0.03545934802216209
0,2,ENSG00000144713,RPL32,141.50748,0.65438545,0.0,0.0,1.0,0.9975132070609457
0,3,ENSG00000164587,RPS14,128.50578,0.5646563,0.0,0.0,1.0,0.9986728514366705
0,4,ENSG00000112306,RPS12,128.28455,0.68359303,0.0,0.0,1.0,0.9953227676845767
0,5,ENSG00000071082,RPL31,125.03856,0.7397264,0.0,0.0,1.0,0.9892926169308078
0,6,ENSG00000122026,RPL21,117.247925,0.61491686,0.0,0.0,1.0,0.995374307434609
0,7,ENSG00000177600,RPLP2,116.164055,0.5710391,0.0,0.0,1.0,0.9970751191856719
0,8,ENSG00000118181,RPS25,114.81836,0.7561911,0.0,0.0,0.9995306541507774,0.9804406648627754
0,9,ENSG00000177954,RPS27,110.07638,0.5246286,0.0,0.0,0.9999413317688471,0.9974230124983894
0,10,ENSG00000105372,RPS19,105.35635,0.4900109,0.0,0.0,1.0,0.9979384099987115
0,11,ENSG00000134419,RPS15A,102.6453,0.5919843,0.0,0.0,0.9996479906130831,0.9901043679938152
0,12,ENSG00000231500,RPS18,101.46507,0.45773265,0.0,0.0,1.0,0.9986728514366705
0,13,ENSG00000115268,RPS15,98.9656,0.48730433,0.0,0.0,0.9998826635376944,0.9966499162479062
0,14,ENSG00000105193,RPS16,96.92523,0.59992355,0.0,0.0,0.9990026400704018,0.9870377528668985
0,15,ENSG00000233927,RPS28,96.65229,0.7342519,0.0,0.0,0.997946611909651,0.9695915474809947
0,16,ENSG00000110700,RPS13,96.17929,0.6758161,0.0,0.0,0.9987092989146378,0.9777348279860842
0,17,ENSG00000109475,RPL34,96.11182,0.82781476,0.0,0.0,0.9990026400704018,0.9726710475454194
0,18,ENSG00000130255,RPL36,89.66581,0.64678293,0.0,0.0,0.9984159577588736,0.9758278572348924
0,19,ENSG00000108107,RPL28,88.57767,0.46603325,0.0,0.0,0.9997066588442358,0.9947558304342224
0,20,ENSG00000145425,RPS3A,86.311485,0.5271738,0.0,0.0,0.9998826635376944,0.9908903491818065
1,1,ENSG00000156508,EEF1A1,79.49587,0.74838537,0.0,0.0,0.9981369765791341,0.9818068431214996
1,2,ENSG00000166710,B2M,78.75099,0.6037557,0.0,0.0,0.9999112845990064,0.9978772651499707
1,3,ENSG00000008517,IL32,76.76079,2.2565846,0.0,0.0,0.7835344215755855,0.41009558303251264
1,4,ENSG00000171223,JUNB,76.03064,1.5302957,0.0,0.0,0.9475691980127751,0.7770768621901347
1,5,ENSG00000100316,RPL3,72.42824,0.44629058,0.0,0.0,1.0,0.9972296511279277
1,6,ENSG00000147403,RPL10,70.87058,0.3553705,0.0,0.0,1.0,0.9995922430231582
1,7,ENSG00000227507,LTB,70.10511,1.5815092,0.0,0.0,0.9524485450674237,0.7353657220296703
1,8,ENSG00000140988,RPS2,66.660934,0.3528383,0.0,0.0,1.0,0.9995802501708981
1,9,ENSG00000075624,ACTB,62.657406,0.70853335,0.0,0.0,0.9930801987224982,0.97511483156039
1,10,ENSG00000026025,VIM,61.30047,1.3568102,0.0,0.0,0.7918736692689851,0.5798064353645227
1,11,ENSG00000089327,FXYD5,58.42088,0.9697918,0.0,0.0,0.8805003548616039,0.7558615065421009
1,12,ENSG00000206503,HLA-A,56.64364,0.56735486,0.0,0.0,0.9941447835344216,0.9769737236606982
1,13,ENSG00000198851,CD3E,56.194836,1.4655745,0.0,0.0,0.7877927608232789,0.49071153592458894
1,14,ENSG00000198034,RPS4X,55.794533,0.34971038,0.0,0.0,1.0,0.9977933151841503
1,15,ENSG00000174444,RPL4,55.439236,0.6092377,0.0,0.0,0.9897090134847409,0.9531799047767531
1,16,ENSG00000150991,UBC,54.200684,0.84996897,0.0,0.0,0.9067601135557133,0.8114963481764869
1,17,ENSG00000234745,HLA-B,53.823162,0.51399195,0.0,0.0,0.9988466997870831,0.9904536896009978
1,18,ENSG00000161016,RPL8,53.769146,0.40906167,0.0,0.0,0.9982256919801278,0.991173260736601
1,19,ENSG00000160888,IER2,53.52918,1.238989,0.0,0.0,0.7893009226401704,0.6109278869793603
1,20,ENSG00000137154,RPS6,53.412773,0.33253926,0.0,0.0,0.9999112845990064,0.9985848434333138
2,1,ENSG00000100316,RPL3,100.42689,0.6060813,0.0,0.0,1.0,0.9972409674529711
2,2,ENSG00000145425,RPS3A,98.33671,0.69603276,0.0,0.0,1.0,0.9915318005374739
2,3,ENSG00000156508,EEF1A1,89.661766,0.8401352,0.0,0.0,0.9987191216834401,0.9817975515079128
2,4,ENSG00000137154,RPS6,82.74062,0.48436588,0.0,0.0,1.0,0.9985786802030456
2,5,ENSG00000147403,RPL10,81.70386,0.41000482,0.0,0.0,1.0,0.9995939086294416
2,6,ENSG00000147604,RPL7,81.09209,0.7764103,0.0,0.0,0.9995425434583715,0.9731024186324276
2,7,ENSG00000174444,RPL4,80.80913,0.850978,0.0,0.0,0.9922232387923148,0.953000895789788
2,8,ENSG00000140988,RPS2,71.44985,0.3783544,0.0,0.0,1.0,0.9995819647656017
2,9,ENSG00000167526,RPL13,70.66934,0.37757814,0.0,0.0,1.0,0.9997252911316811
2,10,ENSG00000198034,RPS4X,69.87314,0.42726007,0.0,0.0,0.9999085086916742,0.9978142729172887
2,11,ENSG00000111716,LDHB,65.60135,1.2557756,0.0,0.0,0.8766697163769442,0.696733353239773
2,12,ENSG00000122406,RPL5,65.14629,0.60456955,0.0,0.0,0.9953339432753888,0.9705942072260376
2,13,ENSG00000133872,TMEM66,63.865765,1.2781168,0.0,0.0,0.7980786825251601,0.6284622275306061
2,14,ENSG00000149273,RPS3,63.501892,0.36113235,0.0,0.0,1.0,0.9982084204240071
2,15,ENSG00000089009,RPL6,62.267944,0.4437549,0.0,0.0,0.9981701738334858,0.9912809793968349
2,16,ENSG00000198851,CD3E,57.980198,1.4673333,0.0,0.0,0.7612991765782251,0.49538369662585846
2,17,ENSG00000133639,BTG1,56.91521,1.0011035,0.0,0.0,0.8795974382433669,0.7755747984472977
2,18,ENSG00000104529,EEF1D,56.403778,0.54945713,0.0,0.0,0.9781335773101555,0.9654702896386981
2,19,ENSG00000163682,RPL9,56.387775,0.4339792,0.0,0.0,0.9973467520585544,0.986981188414452
2,20,ENSG00000070756,PABPC1,55.343918,0.8630764,0.0,0.0,0.8701738334858189,0.777748581666169
3,1,ENSG00000019582,CD74,165.54909,6.196741,0.0,0.0,0.999712395743457,0.4188473594224924
3,2,ENSG00000204287,HLA-DRA,162.07141,7.01091,0.0,0.0,0.9955900680663408,0.1340829217325228
3,3,ENSG00000105369,CD79A,155.88461,7.9945188,0.0,0.0,0.9403700508100853,0.03845697188449848
3,4,ENSG00000196126,HLA-DRB1,153.65208,5.9718676,0.0,0.0,0.9783338126737608,0.17125759878419453
3,5,ENSG00000223865,HLA-DPB1,152.04776,5.6812587,0.0,0.0,0.9615568977087527,0.17172064969604864
3,6,ENSG00000231389,HLA-DPA1,150.86841,5.8636127,0.0,0.0,0.9413287316652287,0.1410405585106383
3,7,ENSG00000007312,CD79B,147.71353,6.6982846,0.0,0.0,0.8995302463809798,0.06916080927051672
3,8,ENSG00000104894,CD37,140.21866,2.9185474,0.0,0.0,0.9698974211484996,0.6323969414893617
3,9,ENSG00000198502,HLA-DRB5,137.71251,5.3104067,0.0,0.0,0.8901351740005752,0.13058035714285715
3,10,ENSG00000196735,HLA-DQA1,121.36859,5.7024593,0.0,0.0,0.7630140926085706,0.06260685790273557
3,11,ENSG00000237541,HLA-DQA2,110.64706,5.637493,0.0,0.0,0.6931262582686224,0.051256174012158054
3,12,ENSG00000156738,MS4A1,109.55137,9.50191,0.0,0.0,0.6583261432269197,0.003941869300911854
3,13,ENSG00000179344,HLA-DQB1,97.90879,4.4004364,0.0,0.0,0.6484517304189436,0.08826462765957446
3,14,ENSG00000251562,MALAT1,88.12518,0.6455747,0.0,0.0,0.9977950340331704,0.9979340805471124
3,15,ENSG00000100721,TCL1A,81.675575,10.724757,0.0,0.0,0.4900776531492666,0.0009379749240121581
3,16,ENSG00000142534,RPS11,78.42054,0.9492816,0.0,0.0,0.9744032211676733,0.9077816299392097
3,17,ENSG00000204257,HLA-DMA,76.877144,3.739981,0.0,0.0,0.5292877001246286,0.09198090805471125
3,18,ENSG00000105640,RPL18A,71.549286,0.46109006,0.0,0.0,0.9996165276579426,0.9973522986322189
3,19,ENSG00000227507,LTB,69.85904,1.5830277,0.0,0.0,0.9531205061834915,0.7374501329787234
3,20,ENSG00000169442,CD52,69.11264,1.237031,0.0,0.0,0.9370146678170836,0.790997815349544
4,1,ENSG00000196154,S100A4,90.33639,2.362681,0.0,0.0,0.9278983589200636,0.5802957399366272
4,2,ENSG00000008517,IL32,74.04239,2.3385203,0.0,0.0,0.8256220222339863,0.41343738997770213
4,3,ENSG00000169442,CD52,70.63304,1.37289,0.0,0.0,0.9678136580201164,0.7892735594413801
4,4,ENSG00000229117,RPL41,66.536736,1.2670426,0.0,0.0,0.9011116993118052,0.717380589132731
4,5,ENSG00000177954,RPS27,65.97064,0.41596574,0.0,0.0,1.0,0.9976411219340453
4,6,ENSG00000130255,RPL36,65.46366,0.60019994,0.0,0.0,0.9977766013763896,0.9779133904471307
4,7,ENSG00000231500,RPS18,62.882027,0.37007344,0.0,0.0,1.0,0.9987912216875954
4,8,ENSG00000227507,LTB,62.589943,1.5646021,0.0,0.0,0.9663313922710429,0.738481398896843
4,9,ENSG00000197956,S100A6,60.139336,1.4137391,0.0,0.0,0.8589730015881418,0.6093650979931933
4,10,ENSG00000197747,S100A10,57.975586,1.6614349,0.0,0.0,0.7324510322922181,0.4182490318037789
4,11,ENSG00000034510,TMSB10,56.03966,0.47917703,0.0,0.0,0.999364743250397,0.9957047294918436
4,12,ENSG00000205542,TMSB4X,55.721134,0.4347605,0.0,0.0,0.9997882477501323,0.9989203145170754
4,13,ENSG00000213145,CRIP1,52.0095,1.7949578,0.0,0.0,0.5740603493912123,0.269463677972069
4,14,ENSG00000177600,RPLP2,50.26249,0.3324658,0.0,0.0,0.9998941238750662,0.9973477291397723
4,15,ENSG00000142669,SH3BGRL3,48.942,0.9026852,0.0,0.0,0.9363684489147697,0.8145522825959395
4,16,ENSG00000167286,CD3D,47.701607,1.4315307,0.0,0.0,0.809211222869243,0.4911278019011853
4,17,ENSG00000134419,RPS15A,46.62088,0.37326336,0.0,0.0,0.9992588671254632,0.9909987090717052
4,18,ENSG00000105372,RPS19,46.55733,0.30373976,0.0,0.0,1.0,0.998122286116653
4,19,ENSG00000118181,RPS25,45.2004,0.4207952,0.0,0.0,0.9976707252514558,0.982349489496538
4,20,ENSG00000166710,B2M,45.09017,0.41693702,0.0,0.0,0.9997882477501323,0.9979345147283183
5,1,ENSG00000115523,GNLY,149.88597,10.162519,0.0,0.0,0.9950962803492405,0.03598164414675412
5,2,ENSG00000105374,NKG7,149.09828,8.643948,0.0,0.0,0.9935414424111948,0.07335388323637797
5,3,ENSG00000011600,TYROBP,134.99754,6.41612,0.0,0.0,0.9599330223657457,0.07721278420284144
5,4,ENSG00000145649,GZMA,133.10234,6.5560694,0.0,0.0,0.9125702667145078,0.05947111039006188
5,5,ENSG00000077984,CST7,132.32727,6.479794,0.0,0.0,0.9055136945341467,0.05986511229054164
5,6,ENSG00000158869,FCER1G,129.51456,6.1846995,0.0,0.0,0.8996531515368975,0.07144181518993209
5,7,ENSG00000100453,GZMB,129.42036,9.027813,0.0,0.0,0.8622174381054898,0.01004704846223376
5,8,ENSG00000251562,MALAT1,123.59906,1.0717593,0.0,0.0,0.9998803970816887,0.9977286949266461
5,9,ENSG00000169583,CLIC3,121.55896,7.342994,0.0,0.0,0.8154526970458079,0.0265835399911929
5,10,ENSG00000111796,KLRB1,121.0874,6.441113,0.0,0.0,0.8235856954909699,0.04459174450135583
5,11,ENSG00000172543,CTSW,119.773796,4.308338,0.0,0.0,0.8824303313000837,0.21390826708693536
5,12,ENSG00000126264,HCST,116.687065,3.233295,0.0,0.0,0.939241717497907,0.4509815282638422
5,13,ENSG00000185201,IFITM2,113.986984,2.984946,0.0,0.0,0.9352948211936372,0.5015991841843002
5,14,ENSG00000171476,HOPX,111.41552,5.0993013,0.0,0.0,0.7933261571582346,0.09075949660463069
5,15,ENSG00000137441,FGFBP2,108.33352,7.7396235,0.0,0.0,0.72646812582227,0.011576702899390456
5,16,ENSG00000180644,PRF1,106.25159,7.0060887,0.0,0.0,0.7152254515010166,0.019375622870651494
5,17,ENSG00000166710,B2M,100.153755,0.8083309,0.0,0.0,0.9996411912450663,0.9979720490416483
5,18,ENSG00000173762,CD7,99.089775,2.8682911,0.0,0.0,0.895347446477694,0.4026235891255475
5,19,ENSG00000145287,PLAC8,96.02938,3.55398,0.0,0.0,0.7584021050113623,0.2055183442649547
5,20,ENSG00000161570,CCL5,93.36623,4.841731,0.0,0.0,0.703265159669896,0.09888288872922799
6,1,ENSG00000100316,RPL3,71.77039,0.5807512,0.0,0.0,1.0,0.9974016040314507
6,2,ENSG00000147403,RPL10,71.68727,0.47709435,0.0,0.0,1.0,0.9996175521085252
6,3,ENSG00000140988,RPS2,64.64922,0.4424447,0.0,0.0,1.0,0.9996063036411289
6,4,ENSG00000167526,RPL13,62.46238,0.42661628,0.0,0.0,1.0,0.9997412852498847
6,5,ENSG00000156508,EEF1A1,58.50937,0.7390575,0.0,0.0,0.9977407021202641,0.9828460872206162
6,6,ENSG00000137154,RPS6,58.014572,0.45604822,0.0,0.0,1.0,0.9986614323798383
6,7,ENSG00000174444,RPL4,51.273632,0.725358,0.0,0.0,0.9897462634688912,0.9554448206431874
6,8,ENSG00000122406,RPL5,48.438972,0.59496486,0.0,0.0,0.9947862356621481,0.9720700554549443
6,9,ENSG00000104529,EEF1D,47.47374,0.6151788,0.0,0.0,0.9800139033715676,0.9660858708001034
6,10,ENSG00000149273,RPS3,47.20149,0.35690045,0.0,0.0,1.0,0.9983127298905524
6,11,ENSG00000198851,CD3E,46.808777,1.5299329,0.0,0.0,0.7759819256169621,0.5099155240098536
6,12,ENSG00000133639,BTG1,46.665493,1.0760723,0.0,0.0,0.8868613138686131,0.7811610668046479
6,13,ENSG00000198034,RPS4X,46.467094,0.38008904,0.0,0.0,1.0,0.9979302819990776
6,14,ENSG00000133872,TMEM66,45.356434,1.1868532,0.0,0.0,0.7902328814737574,0.638845457306442
6,15,ENSG00000083845,RPS5,44.005287,0.521449,0.0,0.0,0.9968717413972888,0.9802926851216521
6,16,ENSG00000171223,JUNB,43.74412,1.1404902,0.0,0.0,0.8974626346889121,0.7909022395698586
6,17,ENSG00000142541,RPL13A,41.945114,0.27550483,0.0,0.0,1.0,0.9996400490433178
6,18,ENSG00000089009,RPL6,40.431816,0.38172808,0.0,0.0,0.9980882864094542,0.9916873825941216
6,19,ENSG00000174748,RPL15,39.483955,0.3649491,0.0,0.0,0.9994786235662148,0.9917886188006884
6,20,ENSG00000105640,RPL18A,39.188614,0.34416607,0.0,0.0,0.9998262078554049,0.9974578463684323
7,1,ENSG00000161570,CCL5,104.5322,6.169125,0.0,0.0,0.9129714811407543,0.10592916386460435
7,2,ENSG00000105374,NKG7,63.16792,3.646287,0.0,0.0,0.6675252989880405,0.12339161622954495
7,3,ENSG00000113088,GZMK,63.03787,6.0106006,0.0,0.0,0.5252989880404784,0.021082716879623403
7,4,ENSG00000008517,IL32,59.930294,2.3997843,0.0,0.0,0.8511499540018399,0.43040798027348126
7,5,ENSG00000145649,GZMA,53.81568,3.187788,0.0,0.0,0.5567617295308188,0.10912351490697153
7,6,ENSG00000145220,LYAR,51.21492,3.2840033,0.0,0.0,0.49788408463661454,0.10151311365164761
7,7,ENSG00000234745,HLA-B,51.08385,0.6417891,0.0,0.0,0.9992640294388224,0.9909773593364717
7,8,ENSG00000077984,CST7,50.316483,2.999824,0.0,0.0,0.5276908923643054,0.11061421206007621
7,9,ENSG00000251562,MALAT1,50.126163,0.513383,0.0,0.0,1.0,0.9977919748935217
7,10,ENSG00000166710,B2M,50.02468,0.5536393,0.0,0.0,1.0,0.9980049316296794
7,11,ENSG00000196154,S100A4,49.43467,1.7033447,0.0,0.0,0.8816927322907083,0.5987334678323246
7,12,ENSG00000172543,CTSW,48.573574,2.2076437,0.0,0.0,0.612327506899724,0.2522864828513786
7,13,ENSG00000204525,HLA-C,48.14641,0.77253056,0.0,0.0,0.991904323827047,0.9603003810804752
7,14,ENSG00000120129,DUSP1,46.344456,1.5603375,0.0,0.0,0.7757129714811407,0.5401255323918404
7,15,ENSG00000126264,HCST,46.050476,1.6247245,0.0,0.0,0.7735050597976081,0.477090338489128
7,16,ENSG00000177606,JUN,41.405327,1.3314295,0.0,0.0,0.7911683532658693,0.591492938802959
7,17,ENSG00000167286,CD3D,40.330154,1.4794568,0.0,0.0,0.8088316467341307,0.5054472091459314
7,18,ENSG00000158050,DUSP2,38.985424,2.2194273,0.0,0.0,0.46752529898804046,0.17515131136516476
7,19,ENSG00000206503,HLA-A,36.3153,0.5211743,9.279631950062394e-289,1.5989294251639086e-285,0.995216191352346,0.9780318314279309
7,20,ENSG00000142669,SH3BGRL3,33.479046,0.78028226,9.728165672241577e-246,1.4476394898992942e-242,0.9170193192272309,0.8212060076216096
8,1,ENSG00000138326,RPS24,108.89394,2.0186093,0.0,0.0,1.0,0.9147347129298273
8,2,ENSG00000185198,PRSS57,107.1314,7.1523275,0.0,0.0,0.9450502458841138,0.021483029184911868
8,3,ENSG00000257698,RP11-620J15.3,106.369865,6.6413784,0.0,0.0,0.946119307248236,0.0337304674475983
8,4,ENSG00000177410,ZFAS1,104.66903,3.6266956,0.0,0.0,0.9972204404532821,0.4477538953966525
8,5,ENSG00000021355,SERPINB1,101.37641,4.604034,0.0,0.0,0.9692110327132777,0.154293271688635
8,6,ENSG00000197756,RPL37A,96.14883,1.4790347,0.0,0.0,0.9997861877271755,0.9298939740825535
8,7,ENSG00000204472,AIF1,94.40038,4.2423267,0.0,0.0,0.9792602095360273,0.1654737824801618
8,8,ENSG00000096384,HSP90AB1,93.4459,3.3219495,0.0,0.0,0.9895231986316014,0.35155260174709374
8,9,ENSG00000186468,RPS23,92.73394,0.93405306,0.0,0.0,1.0,0.9902976283091423
8,10,ENSG00000169567,HINT1,90.94486,2.4742188,0.0,0.0,0.9963651913619842,0.6054035430883105
8,11,ENSG00000113648,H2AFY,90.52913,3.9257853,0.0,0.0,0.9379944408809066,0.1572050945786748
8,12,ENSG00000123179,EBPL,90.2689,4.270552,0.0,0.0,0.8948043617703656,0.08982195647825024
8,13,ENSG00000170891,CYTL1,89.40206,6.7152677,0.0,0.0,0.7906777849048535,0.015370423881393229
8,14,ENSG00000124766,SOX4,88.75224,5.1789603,0.0,0.0,0.820183878554629,0.03994309720153815
8,15,ENSG00000177156,TALDO1,88.56056,3.6346602,0.0,0.0,0.9593756681633526,0.19279157127297783
8,16,ENSG00000145592,RPL37,88.25561,1.3906306,0.0,0.0,0.9997861877271755,0.9186578941519038
8,17,ENSG00000104408,EIF3E,88.03995,3.0151253,0.0,0.0,0.9816121445370964,0.3976305319077997
8,18,ENSG00000233016,SNHG7,88.00087,3.3246946,0.0,0.0,0.9822535813555698,0.31128720353864275
8,19,ENSG00000104903,LYL1,87.74457,4.6858397,0.0,0.0,0.8319435535599743,0.05300184489541888
8,20,ENSG00000136810,TXN,85.51996,3.6695793,0.0,0.0,0.9166132135984606,0.1507924159238925
9,1,ENSG00000008517,IL32,80.21731,3.8053815,0.0,0.0,0.9345174973488866,0.4346467436154176
9,2,ENSG00000206503,HLA-A,78.878136,1.319406,0.0,0.0,0.9976139978791092,0.9782467568192071
9,3,ENSG00000166710,B2M,75.20585,0.9348067,0.0,0.0,0.999204665959703,0.9980744473663942
9,4,ENSG00000075624,ACTB,69.1257,1.2952604,0.0,0.0,0.9952279957582184,0.9765082578700087
9,5,ENSG00000108518,PFN1,61.609707,1.2271532,0.0,0.0,0.9856839872746553,0.9380852304611423
9,6,ENSG00000142669,SH3BGRL3,61.303253,1.5550978,0.0,0.0,0.9544008483563097,0.8214077440225345
9,7,ENSG00000196154,S100A4,60.326267,2.379165,0.0,0.0,0.9326617179215271,0.6017957153703113
9,8,ENSG00000234745,HLA-B,59.44172,0.86478513,0.0,0.0,0.999204665959703,0.9911314547275067
9,9,ENSG00000111348,ARHGDIB,56.133495,1.1760222,0.0,0.0,0.9528101802757158,0.8790202788200213
9,10,ENSG00000205542,TMSB4X,55.480587,0.6141068,0.0,0.0,0.9986744432661718,0.9990207189463376
9,11,ENSG00000204525,HLA-C,54.080555,0.9949713,0.0,0.0,0.9946977730646872,0.960762738906066
9,12,ENSG00000150991,UBC,50.60996,1.2648723,0.0,0.0,0.9358430540827147,0.818150809282264
9,13,ENSG00000184009,ACTG1,46.984028,1.3210505,0.0,0.0,0.9011134676564156,0.77870448818811
9,14,ENSG00000111640,GAPDH,45.714077,1.3420944,0.0,0.0,0.8828207847295865,0.7293553249782687
9,15,ENSG00000169442,CD52,44.434017,1.2437363,0.0,0.0,0.9334570519618239,0.8018441292650991
9,16,ENSG00000102879,CORO1A,44.322598,1.2416127,0.0,0.0,0.866118769883351,0.7353080334055874
9,17,ENSG00000197747,S100A10,43.55968,1.8173527,0.0,0.0,0.735949098621421,0.43771662467128064
9,18,ENSG00000182718,ANXA2,42.346138,2.980917,0.0,0.0,0.5100742311770944,0.13002431697897296
9,19,ENSG00000213402,PTPRCAP,41.010624,1.2552993,0.0,0.0,0.8594909862142099,0.7005160481058064
9,20,ENSG00000167286,CD3D,40.976997,1.6610719,0.0,0.0,0.809915164369035,0.5109536436957407
10,1,ENSG00000163220,S100A9,95.748405,10.935439,0.0,0.0,0.9635036496350365,0.02004822974898608
10,2,ENSG00000087086,FTL,94.98924,2.620902,0.0,0.0,1.0,0.9729694179546202
10,3,ENSG00000143546,S100A8,93.91195,11.562115,0.0,0.0,0.9448175182481752,0.012583579962731557
10,4,ENSG00000101439,CST3,92.61499,8.413981,0.0,0.0,0.9398540145985401,0.04862435602323797
10,5,ENSG00000011600,TYROBP,92.58931,6.623278,0.0,0.0,0.9702189781021898,0.12458621067631262
10,6,ENSG00000167996,FTH1,90.4544,2.1995447,0.0,0.0,0.9985401459854014,0.9571303299353283
10,7,ENSG00000196154,S100A4,89.341255,3.8637574,0.0,0.0,0.9900729927007299,0.6008988271401952
10,8,ENSG00000090382,LYZ,88.75879,9.404612,0.0,0.0,0.8978102189781022,0.019412473966896854
10,9,ENSG00000197956,S100A6,86.462,3.4214725,0.0,0.0,0.9716788321167883,0.6216047352844459
10,10,ENSG00000204472,AIF1,84.24247,5.2428803,0.0,0.0,0.8934306569343066,0.17986407979831195
10,11,ENSG00000233276,GPX1,81.441505,4.118531,0.0,0.0,0.9045255474452555,0.3181190397895429
10,12,ENSG00000204482,LST1,79.8342,5.5745144,0.0,0.0,0.8408759124087591,0.1209251342760057
10,13,ENSG00000196126,HLA-DRB1,78.80467,4.8774037,0.0,0.0,0.9275912408759124,0.2351419489203113
10,14,ENSG00000085265,FCN1,76.96449,11.656114,0.0,0.0,0.774014598540146,0.0021374547846103255
10,15,ENSG00000051523,CYBA,76.82951,2.4155278,0.0,0.0,0.9778102189781022,0.7656363038474187
10,16,ENSG00000197746,PSAP,75.37291,4.752027,0.0,0.0,0.8137226277372263,0.16793817823084511
10,17,ENSG00000100097,LGALS1,73.72123,4.5960803,0.0,0.0,0.8338686131386861,0.177452592349008
10,18,ENSG00000025708,TYMP,73.587166,6.467749,0.0,0.0,0.7591240875912408,0.04506193138222076
10,19,ENSG00000100300,TSPO,72.04613,3.5023017,0.0,0.0,0.8525547445255475,0.3606927545763455
10,20,ENSG00000084207,GSTP1,69.7408,3.337166,0.0,0.0,0.8426277372262774,0.364671708867697
11,1,ENSG00000128040,SPINK2,81.81653,6.7568107,0.0,0.0,0.9306005034160374,0.05290941942225221
11,2,ENSG00000177410,ZFAS1,75.24669,3.4025555,0.0,0.0,0.9856166846458109,0.45944445653830246
11,3,ENSG00000204472,AIF1,74.96051,4.497674,0.0,0.0,0.9546925566343042,0.18301151577160024
11,4,ENSG00000204482,LST1,69.737785,4.675495,0.0,0.0,0.8658755843221863,0.12521496832618587
11,5,ENSG00000138326,RPS24,68.594574,1.5830085,0.0,0.0,0.998561668464581,0.9165378670788253
11,6,ENSG00000084207,GSTP1,68.04837,3.290214,0.0,0.0,0.9579288025889967,0.36453185885016437
11,7,ENSG00000226777,KIAA0125,67.478966,5.793434,0.0,0.0,0.7824523552678893,0.0612904630254479
11,8,ENSG00000124766,SOX4,64.021965,5.271118,0.0,0.0,0.7551240560949298,0.05801423688965322
11,9,ENSG00000233276,GPX1,63.78579,3.235899,0.0,0.0,0.9234088457389428,0.3216579228073231
11,10,ENSG00000019582,CD74,62.042885,3.678966,0.0,0.0,0.9848975188781014,0.467662233058319
11,11,ENSG00000135916,ITM2C,61.51357,4.536554,0.0,0.0,0.7504494786048184,0.07689879617737336
11,12,ENSG00000204287,HLA-DRA,60.518948,4.0469904,0.0,0.0,0.9356346637900036,0.20763219191501403
11,13,ENSG00000233016,SNHG7,60.383163,3.1418877,0.0,0.0,0.8917655519597267,0.3278729564403422
11,14,ENSG00000167283,ATP5L,55.518726,1.9203146,0.0,0.0,0.9777058612010069,0.6564316346300368
11,15,ENSG00000132465,IGJ,53.973457,5.947542,0.0,0.0,0.6206400575332615,0.0218233667849446
11,16,ENSG00000223865,HLA-DPB1,52.351284,3.0788577,0.0,0.0,0.8547285149226896,0.24072098743931908
11,17,ENSG00000143933,CALM2,49.641563,2.594124,0.0,0.0,0.8317152103559871,0.34736704617193115
11,18,ENSG00000124172,ATP5E,49.58598,1.7659131,0.0,0.0,0.978784609852571,0.6701351851448724
11,19,ENSG00000231389,HLA-DPA1,49.158684,2.8692052,0.0,0.0,0.8022294138798993,0.21188802054988354
11,20,ENSG00000132744,ACY3,48.75808,8.496776,0.0,0.0,0.5451276519237684,0.004941550384221869
12,1,ENSG00000101439,CST3,30.371624,7.981385,1.3021512328659609e-202,4.262982706156583e-198,0.9423076923076923,0.07754716781028942
12,2,ENSG00000233276,GPX1,27.829062,3.777409,1.9309192428833064e-170,3.160721708675684e-166,0.9917582417582418,0.33681899651080166
12,3,ENSG00000231389,HLA-DPA1,27.776968,5.168206,8.23349038627215e-170,8.984933608859256e-166,0.9560439560439561,0.22642670032134563
12,4,ENSG00000204287,HLA-DRA,27.344511,5.4648514,1.2550364271170434e-164,1.0271845637739441e-160,0.9697802197802198,0.22616156366991547
12,5,ENSG00000223865,HLA-DPB1,27.31606,4.9847717,2.7340903857293397e-164,1.7901730209601425e-160,0.9587912087912088,0.2560583724851789
12,6,ENSG00000196126,HLA-DRB1,27.001463,4.8664594,1.4205478354134478e-160,6.643699290823636e-157,0.9917582417582418,0.2573734502762724
12,7,ENSG00000019582,CD74,26.969303,4.831324,3.387560224914862e-160,1.3862743330407845e-156,1.0,0.480862436499772
12,8,ENSG00000196735,HLA-DQA1,26.378418,4.883531,2.42363737296927e-153,8.81611559069644e-150,0.9093406593406593,0.1368211176040131
12,9,ENSG00000026025,VIM,26.172926,2.8656654,5.405130472463476e-151,1.7695316140750928e-147,0.9835164835164835,0.6035994951798157
12,10,ENSG00000090382,LYZ,26.157022,7.10979,8.199309310091494e-151,2.440263529034321e-147,0.8241758241758241,0.048212448696057945
12,11,ENSG00000103490,PYCARD,25.857899,3.7595706,1.9831184532651002e-147,5.410277660249405e-144,0.9505494505494505,0.20775047459460605
12,12,ENSG00000204257,HLA-DMA,25.834,4.321143,3.681352693071076e-147,9.27077880505853e-144,0.8983516483516484,0.13724533624630134
12,13,ENSG00000198502,HLA-DRB5,25.719402,4.356272,7.092679847889612e-146,1.6585725204300722e-142,0.9560439560439561,0.2114199658503993
12,14,ENSG00000051523,CYBA,25.57391,2.2703738,2.9770949708715794e-144,6.497609010426251e-141,1.0,0.7724385148105334
12,15,ENSG00000140968,IRF8,25.066622,5.662747,1.1503726395830238e-138,2.3538062171668145e-135,0.7994505494505495,0.043842996680489126
12,16,ENSG00000197747,S100A10,24.928158,3.303933,3.684897166295562e-137,7.0962449076578885e-134,0.9258241758241759,0.4477627769352324
12,17,ENSG00000104870,FCGRT,24.853632,4.458102,2.3623304450996907e-136,4.296554117315204e-133,0.8434065934065934,0.10714702357595104
12,18,ENSG00000100097,LGALS1,24.821983,4.1143785,5.19129794737835e-136,8.944879589540654e-133,0.9203296703296703,0.1984282699303221
12,19,ENSG00000030582,GRN,24.465391,4.8711414,3.451512232540482e-132,5.380743212805252e-129,0.8021978021978022,0.060429945593959124
12,20,ENSG00000084207,GSTP1,24.253082,3.199832,6.1350834954971866e-130,9.12956197616304e-127,0.9587912087912088,0.3797393176443139
13,1,ENSG00000143013,LMO4,29.833916,7.508754,1.419486106294695e-195,2.3235568073937862e-191,0.9606060606060606,0.04310628147362841
13,2,ENSG00000197756,RPL37A,29.078423,1.8495264,6.729606382465931e-186,7.343795124972322e-182,1.0,0.9331142327060694
13,3,ENSG00000185198,PRSS57,28.509478,6.0521965,8.938040354409624e-179,5.852271302453245e-175,0.9424242424242424,0.06405512854492447
13,4,ENSG00000257698,RP11-620J15.3,28.285152,5.8111386,5.262938274507953e-176,2.8716345538473563e-172,0.9454545454545454,0.07578054598462762
13,5,ENSG00000172236,TPSAB1,27.562887,10.718497,3.1011837011296416e-167,1.2690819000947776e-163,0.8787878787878788,0.005915716936125099
13,6,ENSG00000138326,RPS24,27.105005,1.8620281,8.5955191819911e-162,2.8140010698002464e-158,1.0,0.9186641929499072
13,7,ENSG00000197956,S100A6,27.000013,3.0263348,1.4773932354463908e-160,4.396990885640358e-157,1.0,0.6329923138086403
13,8,ENSG00000008988,RPS20,26.484245,1.3369933,1.4721664178929377e-154,3.707368014536846e-151,1.0,0.9619401007156109
13,9,ENSG00000135404,CD63,26.404074,4.16258,1.2302850238382956e-153,2.8769336507441515e-150,0.9515151515151515,0.2340948847071296
13,10,ENSG00000137818,RPLP1,26.401009,1.008283,1.334085135556601e-153,2.9116852778568e-150,1.0,0.996448449509674
13,11,ENSG00000186468,RPS23,26.076994,1.0267736,6.650221029184744e-150,1.3607183503340635e-146,1.0,0.990744765438643
13,12,ENSG00000145592,RPL37,25.97209,1.5489701,1.0238766025082216e-148,1.9717454242890683e-145,1.0,0.9223959713755632
13,13,ENSG00000124766,SOX4,25.571333,5.422051,3.180188935067341e-144,5.479632913486033e-141,0.8666666666666667,0.0757381394116088
13,14,ENSG00000177410,ZFAS1,24.633621,3.1101582,5.513592906144267e-134,8.595428788635762e-131,0.9848484848484849,0.4731195335276968
13,15,ENSG00000171858,RPS21,24.008795,1.7742289,2.2507155358917745e-127,3.349269327910223e-124,0.996969696969697,0.8396289424860853
13,16,ENSG00000130208,APOC1,23.283585,10.408764,6.502393228064904e-120,9.255449978277774e-117,0.7424242424242424,0.0020885237211767825
13,17,ENSG00000182899,RPL35A,22.862505,0.9123903,1.097487932633783e-115,1.4371823975425918e-112,1.0,0.9866313278558176
13,18,ENSG00000233927,RPS28,22.842289,1.0576454,1.743469477370374e-115,2.1952962980827424e-112,1.0,0.9746090644049827
13,19,ENSG00000142534,RPS11,22.785824,1.3557935,6.337824160336795e-115,7.684729161522445e-112,1.0,0.9148263980917042
13,20,ENSG00000172809,RPL38,22.408302,1.7029566,3.2665182805003636e-111,3.687561223000721e-108,1.0,0.8244367877020938
14,1,ENSG00000101307,SIRPB1,11.371355,8.517011,5.807865797890806e-30,1.9013791049134922e-25,0.5813953488372093,0.0036497894759113894
14,2,ENSG00000149273,RPS3,6.5160165,0.31447905,7.219904715044339e-11,8.171534580638311e-07,1.0,0.9984131350104734
14,3,ENSG00000162711,NLRP3,6.51054,7.903496,7.48811892660362e-11,8.171534580638311e-07,0.3333333333333333,0.002475509383661638
14,4,ENSG00000171223,JUNB,6.4014077,1.1742563,1.5395102497558392e-10,1.2600121639126665e-06,0.9457364341085271,0.7971774961386285
14,5,ENSG00000168028,RPSA,5.663041,0.48694265,1.4871366955448928e-08,9.73717622774974e-05,1.0,0.9701034635973171
14,6,ENSG00000111716,LDHB,5.6235228,1.0133849,1.8710190035022835e-08,0.00010208903356109626,0.8837209302325582,0.7172841334659247
14,7,ENSG00000198851,CD3E,5.4465656,1.2564713,5.135160855292557e-08,0.0002401641372579539,0.7906976744186046,0.5257283710301928
14,8,ENSG00000100316,RPL3,5.0577765,0.2995508,4.241727756161934e-07,0.0015429520364581043,1.0,0.9975562279161289
14,9,ENSG00000167286,CD3D,4.715077,1.1701028,2.4161960270153605e-06,0.0071910386847662605,0.7906976744186046,0.5225017455514884
14,10,ENSG00000167526,RPL13,4.27917,0.23423822,1.8759171116019267e-05,0.04386698171401705,1.0,0.999756680701606
14,11,ENSG00000188846,RPL14,3.9918277,0.33482036,6.556601168710608e-05,0.1428572562090257,1.0,0.9857182150942598
14,12,ENSG00000179144,GIMAP7,3.9769037,0.9757439,6.981844032452841e-05,0.1428572562090257,0.6589147286821705,0.4526585278124537
14,13,ENSG00000133872,TMEM66,3.9085114,0.73874277,9.28665885903293e-05,0.17883919866295298,0.7674418604651163,0.6478852379239575
14,14,ENSG00000174444,RPL4,3.8611968,0.43108517,0.00011283296825180537,0.20521809525708912,1.0,0.9574720182806847
14,15,ENSG00000163682,RPL9,3.829925,0.242748,0.00012818223250834956,0.21995353237258972,0.9922480620155039,0.988172566278061
14,16,ENSG00000139193,CD27,3.8183045,1.0126154,0.00013437200340435563,0.21995353237258972,0.5426356589147286,0.353627573366058
14,17,ENSG00000122406,RPL5,3.7800634,0.38554826,0.00015678844459314584,0.23331545904956402,1.0,0.9734147218754629
14,18,ENSG00000156508,EEF1A1,3.7203317,0.4029073,0.00019896124593679393,0.27540344992606364,1.0,0.9837293443073863
14,19,ENSG00000133639,BTG1,3.716632,0.6404758,0.00020189635280791517,0.27540344992606364,0.875968992248062,0.7874658824027252
14,20,ENSG00000140988,RPS2,3.5967946,0.19949049,0.00032216277023164205,0.4218785908737399,1.0,0.9996297315024437
15,1,ENSG00000134256,CD101,9.184765,9.934028,4.1242819478751174e-20,1.350207424095356e-15,0.4956521739130435,0.0008885127988153162
15,2,ENSG00000137154,RPS6,6.9065976,0.37932056,4.964160448941342e-12,7.024959203026623e-08,1.0,0.9987412735350116
15,3,ENSG00000100316,RPL3,6.8696175,0.40683788,6.4374358876778876e-12,7.024959203026623e-08,1.0,0.9975565898032579
15,4,ENSG00000167526,RPL13,6.7597356,0.32294104,1.3824383407661501e-11,1.1314566600000555e-07,1.0,0.9997567167336577
15,5,ENSG00000083845,RPS5,6.706991,0.55068284,1.98678223570312e-11,1.3008655366489748e-07,1.0,0.981277766024963
15,6,ENSG00000140988,RPS2,6.58279,0.31563425,4.617021072155238e-11,2.519200597670303e-07,1.0,0.9996297863338269
15,7,ENSG00000144713,RPL32,6.3733063,0.34114107,1.8499593527095968e-10,8.651995612715254e-07,1.0,0.9979585360693887
15,8,ENSG00000149273,RPS3,6.0701733,0.31520498,1.277724204919083e-09,5.2287668775801174e-06,1.0,0.9984133700021155
15,9,ENSG00000122026,RPL21,5.6070075,0.35440806,2.0585483303025088e-08,6.585891794687215e-05,1.0,0.9962026655383964
15,10,ENSG00000156508,EEF1A1,5.5991006,0.52700645,2.1546679638348998e-08,6.585891794687215e-05,1.0,0.9837317537550243
15,11,ENSG00000174444,RPL4,5.5809903,0.6212945,2.3915285921741827e-08,6.585891794687215e-05,1.0,0.9574783160566955
15,12,ENSG00000090924,PLEKHG2,5.574195,6.835435,2.4867703191834297e-08,6.585891794687215e-05,0.30434782608695654,0.004569494393907341
15,13,ENSG00000164587,RPS14,5.5654206,0.27826557,2.615205367796866e-08,6.585891794687215e-05,1.0,0.9989105140681193
15,14,ENSG00000145425,RPS3A,5.415945,0.37442687,6.096586482980319e-08,0.00014256432019986405,1.0,0.992500528876666
15,15,ENSG00000198034,RPS4X,5.2902203,0.3160807,1.221690517057306e-07,0.00024997315092138803,1.0,0.9980537338692617
15,16,ENSG00000142676,RPL11,5.2686152,0.28548774,1.3745674487058238e-07,0.0002647093478572427,1.0,0.9982652845356463
15,17,ENSG00000198851,CD3E,5.2385464,1.2498295,1.6184612441438742e-07,0.00029436213450434527,0.782608695652174,0.5257774486989634
15,18,ENSG00000147403,RPL10,5.137161,0.25887334,2.7892037874489015e-07,0.0004616129780765959,1.0,0.9996403638671462
15,19,ENSG00000111716,LDHB,5.135093,1.0015178,2.8200438516500454e-07,0.0004616129780765959,0.9043478260869565,0.7172836894436218
15,20,ENSG00000142546,NOSIP,5.0498366,1.245932,4.4218753736325096e-07,0.0006893493141999099,0.7391304347826086,0.4851174106198434
16,1,ENSG00000118369,USP35,17.901733,13.205797,1.1430761480474978e-71,3.742202693477898e-67,1.0,0.0004336421711723146
16,2,ENSG00000167286,CD3D,4.9872847,1.273113,6.123377133068377e-07,0.010023356029119627,0.794392523364486,0.5225599695392816
16,3,ENSG00000008517,IL32,4.836891,1.4143262,1.3188549777828804e-06,0.014392224754218648,0.7289719626168224,0.45425603926048147
16,4,ENSG00000198851,CD3E,4.5663977,1.2204009,4.96177311755026e-06,0.040609632080590104,0.822429906542056,0.525754114312307
16,5,ENSG00000171223,JUNB,3.9976337,0.8674957,6.397882913712925e-05,0.34495667728018886,0.9158878504672897,0.7972458433811397
16,6,ENSG00000075624,ACTB,3.953533,0.49366975,7.700565046271766e-05,0.34495667728018886,1.0,0.9772284976942929
16,7,ENSG00000150991,UBC,3.756651,0.61771125,0.0001722024211293235,0.512505714811981,0.9065420560747663,0.8227461183737361
16,8,ENSG00000102879,CORO1A,3.6363206,0.7166262,0.00027656010696291506,0.7545020651459928,0.8598130841121495,0.7403858357659602
16,9,ENSG00000156508,EEF1A1,3.541386,0.3961639,0.000398030949882646,0.9919551088940829,1.0,0.9837331302618776
16,10,ENSG00000104964,AES,3.426953,0.83219296,0.0006103944162991925,1.0,0.7102803738317757,0.538054744679951
16,11,ENSG00000111716,LDHB,3.3709157,0.7495532,0.000749188212507625,1.0,0.8691588785046729,0.7173393408638998
16,12,ENSG00000149273,RPS3,3.2538118,0.1548413,0.001138676636043159,1.0,1.0,0.9984135042518086
16,13,ENSG00000122406,RPL5,3.2245948,0.28601202,0.0012615108383418876,1.0,0.9906542056074766,0.9734314845369548
16,14,ENSG00000100316,RPL3,3.1813772,0.22272192,0.001465766585596439,1.0,1.0,0.9975567965477853
16,15,ENSG00000220205,VAMP2,3.1811419,0.7541563,0.0014669582135725006,1.0,0.616822429906542,0.48531962601006895
16,16,ENSG00000166710,B2M,3.1288106,0.31848752,0.0017551544472330202,1.0,1.0,0.9981173583788129
16,17,ENSG00000213658,LAT,3.12592,1.0586671,0.0017724967257627135,1.0,0.42990654205607476,0.27156576553708167
16,18,ENSG00000139193,CD27,3.0822086,0.9205053,0.0020547071772743977,1.0,0.5700934579439252,0.3536404789101832
16,19,ENSG00000140988,RPS2,2.9279017,0.1658659,0.0034125780040402203,1.0,1.0,0.9996298176587554
16,20,ENSG00000147403,RPL10,2.89846,0.15028626,0.0037500019790574213,1.0,1.0,0.9996403942970766
17,1,ENSG00000226091,LINC00937,9.640707,9.491009,5.381607473320487e-22,1.761830654615661e-17,0.6363636363636364,0.002072363551777369
17,2,ENSG00000008517,IL32,5.3137903,1.7742167,1.0736825444129075e-07,0.0017575109569494883,0.7402597402597403,0.45433398887690585
17,3,ENSG00000123685,BATF3,5.100012,7.9910564,3.3963259243323026e-07,0.0037062972703596976,0.33766233766233766,0.0022521093700437734
17,4,ENSG00000167286,CD3D,4.9927335,1.5250266,5.953073156683826e-07,0.004872292725087877,0.8571428571428571,0.5225951066844298
17,5,ENSG00000198851,CD3E,4.2080455,1.1926473,2.5758878766174608e-05,0.16865883460940484,0.7402597402597403,0.5259151176806446
17,6,ENSG00000171223,JUNB,3.9548326,1.0088514,7.658824825316182e-05,0.35914987557989597,0.935064935064935,0.7972678635623507
17,7,ENSG00000166710,B2M,3.9541943,0.40520564,7.679299679452843e-05,0.35914987557989597,1.0,0.9981179555499164
17,8,ENSG00000205542,TMSB4X,3.5087526,0.31667313,0.0004502133970119871,1.0,1.0,0.999006111357821
17,9,ENSG00000197956,S100A6,3.478349,0.90211874,0.0005045124832116048,1.0,0.8051948051948052,0.6341326735604474
17,10,ENSG00000184640,SEPT9,3.282428,1.35037,0.0010291725960302012,1.0,0.44155844155844154,0.22940853052506927
17,11,ENSG00000185885,IFITM1,3.1052718,1.0852647,0.0019010417550103232,1.0,0.5454545454545454,0.333713971536721
17,12,ENSG00000160888,IER2,3.0872142,0.8855402,0.002020419698191105,1.0,0.8181818181818182,0.6320180168749604
17,13,ENSG00000026025,VIM,3.076387,0.83515865,0.0020952567624248253,1.0,0.7532467532467533,0.6049398380172979
17,14,ENSG00000169100,SLC25A6,3.0616295,0.5783462,0.002201356759511487,1.0,0.8831168831168831,0.7998054515849352
17,15,ENSG00000196154,S100A4,2.9066932,0.8168088,0.0036527136428139992,1.0,0.7142857142857143,0.6148998710059422
17,16,ENSG00000206503,HLA-A,2.900466,0.4018478,0.003726083287188058,1.0,1.0,0.979001459113113
17,17,ENSG00000179144,GIMAP7,2.8615987,0.9065188,0.004215100678134934,1.0,0.6623376623376623,0.4527691429296454
17,18,ENSG00000213658,LAT,2.8101542,1.0700061,0.004951775406060739,1.0,0.45454545454545453,0.2715959314005371
17,19,ENSG00000109971,HSPA8,2.6184578,0.7733592,0.008832823895527397,1.0,0.7142857142857143,0.5430226902662353
17,20,ENSG00000075624,ACTB,2.6137097,0.45017055,0.008956512070825142,1.0,1.0,0.9772357207807313
18,1,ENSG00000051128,HOMER3,9.1679945,9.352593,4.819021913041858e-20,1.5776513938916434e-15,0.6133333333333333,0.0019031507718333686
18,2,ENSG00000089327,FXYD5,6.254546,1.2090389,3.9867355945519126e-10,6.5258874947220255e-06,0.9333333333333333,0.7705751744554874
18,3,ENSG00000196154,S100A4,5.48204,1.5739202,4.204496092433816e-08,0.0004588226435803276,0.8933333333333333,0.6147599915415521
18,4,ENSG00000008517,IL32,5.06956,1.729181,3.9873619067965477e-07,0.0032634563526176344,0.7466666666666667,0.45433495453584266
18,5,ENSG00000147403,RPL10,5.0028267,0.29009005,5.649578260736856e-07,0.003699117862000064,1.0,0.9996405159653203
18,6,ENSG00000156508,EEF1A1,4.923216,0.501477,8.513345820606363e-07,0.0046451652579168525,0.9866666666666667,0.9837492070205117
18,7,ENSG00000026025,VIM,4.7143464,1.2472647,2.4248773654812915e-06,0.008820626132347392,0.8266666666666667,0.6048847536477057
18,8,ENSG00000227507,LTB,4.5683107,1.1273011,4.916705149023627e-06,0.016096309316873548,0.9066666666666666,0.7611017128356946
18,9,ENSG00000166710,B2M,4.2784486,0.41964957,1.8820058772999396e-05,0.049021398829144275,1.0,0.9981179953478536
18,10,ENSG00000109971,HSPA8,4.266884,1.094975,1.9822213976512728e-05,0.049021398829144275,0.72,0.5430217805032777
18,11,ENSG00000140988,RPS2,4.254375,0.27312,2.0963393720081246e-05,0.049021398829144275,1.0,0.9996299429054768
18,12,ENSG00000171223,JUNB,4.149775,0.97874415,3.328019255959901e-05,0.07263512960107682,0.9066666666666666,0.7972932966800592
18,13,ENSG00000142669,SH3BGRL3,4.0656557,0.77555245,4.789756057581378e-05,0.09800439613318697,0.9333333333333333,0.8266229646859802
18,14,ENSG00000111716,LDHB,3.9615467,0.9457355,7.446579835023142e-05,0.1283084898099935,0.88,0.7173821103827448
18,15,ENSG00000169442,CD52,3.928663,0.8862976,8.541946541033321e-05,0.13982312293017443,0.9333333333333333,0.8069887925565659
18,16,ENSG00000167286,CD3D,3.8658822,1.244679,0.00011068841820739445,0.17255797310827045,0.8133333333333334,0.5226369211249736
18,17,ENSG00000103187,COTL1,3.827513,1.2833195,0.00012944452626608853,0.19262522276814573,0.5733333333333334,0.35453584267286953
18,18,ENSG00000205542,TMSB4X,3.7377224,0.3176478,0.00018569472817034293,0.24811035530988784,1.0,0.9990061323747093
18,19,ENSG00000198851,CD3E,3.7334547,1.180792,0.00018887108365683904,0.24811035530988784,0.8,0.5258722774370903
18,20,ENSG00000198034,RPS4X,3.7326622,0.27546048,0.0001894666406850509,0.24811035530988784,1.0,0.9980545569887925
19,1,ENSG00000188290,HES4,10.231032,9.996209,1.4397682211750478e-24,4.713513202482871e-20,0.9487179487179487,0.0030650207153124207
19,2,ENSG00000174444,RPL4,5.1204734,0.84735405,3.04769789432331e-07,0.0049887766832178255,1.0,0.9575124714636002
19,3,ENSG00000140988,RPS2,4.9233365,0.3947307,8.508094308555424e-07,0.007721396131482749,1.0,0.9996300837067726
19,4,ENSG00000156508,EEF1A1,4.8109937,0.71438324,1.5018162062011526e-06,0.007721396131482749,1.0,0.9837448211718948
19,5,ENSG00000100316,RPL3,4.809083,0.45988157,1.5162420240782186e-06,0.007721396131482749,1.0,0.9975585524646994
19,6,ENSG00000137154,RPS6,4.8053875,0.44595364,1.5445211563373149e-06,0.007721396131482749,1.0,0.9987422846030269
19,7,ENSG00000171223,JUNB,4.792035,1.5050787,1.6509796847815763e-06,0.007721396131482749,0.9743589743589743,0.7973070093853049
19,8,ENSG00000122406,RPL5,4.5408416,0.6404843,5.603012228777281e-06,0.022928926793213827,1.0,0.9734400101462755
19,9,ENSG00000133872,TMEM66,4.4238214,1.4542636,9.697014987148003e-06,0.0352734307388057,0.8974358974358975,0.6479453792170458
19,10,ENSG00000147403,RPL10,4.353256,0.35259753,1.341303623558623e-05,0.043911598028062195,1.0,0.999640652743722
19,11,ENSG00000139193,CD27,4.277125,1.8651862,1.8932241323027196e-05,0.05315253734893272,0.7435897435897436,0.35372452862095205
19,12,ENSG00000145425,RPS3A,4.270736,0.5028259,1.948287764027102e-05,0.05315253734893272,1.0,0.9925065528029086
19,13,ENSG00000149273,RPS3,4.014982,0.34826803,5.9450223775343485e-05,0.14971395584286115,1.0,0.998414644457597
19,14,ENSG00000089009,RPL6,3.9900305,0.4380555,6.606482320128596e-05,0.15448787014026427,1.0,0.9920732222879851
19,15,ENSG00000108654,DDX5,3.8314617,1.1003613,0.00012738418376311348,0.2316835226687116,0.9230769230769231,0.7567219074997886
19,16,ENSG00000198034,RPS4X,3.7758312,0.38128042,0.00015947501734547926,0.27478384830822633,1.0,0.998055297201319
19,17,ENSG00000105373,GLTSCR2,3.6690626,0.8000214,0.0002434414281639999,0.3795135940587156,0.9487179487179487,0.8624228460302698
19,18,ENSG00000111716,LDHB,3.6285748,1.0735488,0.00028498999678085174,0.4240910233914329,0.8717948717948718,0.7174473661959923
19,19,ENSG00000108298,RPL19,3.56521,0.33088344,0.0003635646683645072,0.5174947875181407,1.0,0.9982983850511541
19,20,ENSG00000198851,CD3E,3.4723656,1.4431038,0.0005158934205649848,0.6755727520982588,0.8461538461538461,0.5259575547476114
20,1,ENSG00000140939,NOL3,10.667853,12.427458,1.4391201212290655e-26,4.711391452879715e-22,1.0,0.0006658422904974793
20,2,ENSG00000227507,LTB,5.521315,1.8895742,3.3647133971368314e-08,0.000550769935977328,1.0,0.7611211515900949
20,3,ENSG00000149273,RPS3,4.93761,0.4402821,7.908581580076119e-07,0.008630371458951068,1.0,0.9984146612131012
20,4,ENSG00000008517,IL32,4.786075,2.224009,1.700743720117737e-06,0.013919736977303619,0.8421052631578947,0.45441094095141465
20,5,ENSG00000102871,TRADD,3.8223407,2.4666607,0.00013219081409830902,0.7212771453250735,0.5,0.16639715907289387
20,6,ENSG00000185885,IFITM1,3.6313362,1.7266335,0.00028195764546379607,1.0,0.631578947368421,0.333766659268419
20,7,ENSG00000092010,PSME1,3.575908,1.0589795,0.00034901452870718505,1.0,0.7894736842105263,0.6180073348341207
20,8,ENSG00000147403,RPL10,3.5263197,0.31392807,0.00042137803746208544,1.0,1.0,0.9996406565416363
20,9,ENSG00000156508,EEF1A1,3.4915764,0.576795,0.00048017907655641584,1.0,1.0,0.9837449929716647
20,10,ENSG00000104529,EEF1D,3.418818,0.6017937,0.0006289375270455701,1.0,1.0,0.9669192639800459
20,11,ENSG00000196154,S100A4,3.3894517,1.408393,0.0007003253586083205,1.0,0.8947368421052632,0.6148683640360612
20,12,ENSG00000137154,RPS6,3.3498423,0.32476,0.0008085757805006448,1.0,1.0,0.998742297895727
20,13,ENSG00000168209,DDIT4,3.3477285,1.9736743,0.0008147682375247664,1.0,0.5,0.19430969064755804
20,14,ENSG00000231500,RPS18,3.235334,0.28016755,0.0012150054361174454,1.0,1.0,0.9989114006996629
20,15,ENSG00000197448,GSTK1,3.219518,1.416345,0.0012840627050974822,1.0,0.6578947368421053,0.39069089064333046
20,16,ENSG00000168685,IL7R,3.1533213,1.7994449,0.0016142405842830196,1.0,0.5,0.22253928997960198
20,17,ENSG00000120129,DUSP1,3.032578,1.1113262,0.002424744556489451,1.0,0.7368421052631579,0.5535791665345551
20,18,ENSG00000197956,S100A6,3.0223587,1.0958219,0.0025081317793456685,1.0,0.868421052631579,0.6341777904604881
20,19,ENSG00000171223,JUNB,3.0043814,1.0750271,0.002661215170095269,1.0,0.9473684210526315,0.7973197205576165
20,20,ENSG00000089157,RPLP0,2.9019122,0.2741731,0.003708923816033789,1.0,0.9210526315789473,0.9561072534533963
21,1,ENSG00000177954,RPS27,8.171577,0.95528305,3.0438279042334114e-16,1.9929767585758685e-12,1.0,0.9978757358303125
21,2,ENSG00000164587,RPS14,7.332565,0.79214764,2.257891767187024e-13,6.982044109643943e-10,1.0,0.9989114467190159
21,3,ENSG00000083845,RPS5,7.327436,1.1934505,2.34597364549097e-13,6.982044109643943e-10,1.0,0.9812937931326027
21,4,ENSG00000231500,RPS18,7.2283154,0.6526753,4.890226579336223e-13,1.334135314619244e-09,0.9705882352941176,0.998922015197472
21,5,ENSG00000134419,RPS15A,6.7639375,0.89525896,1.3429090467845739e-11,3.381858182587183e-08,1.0,0.9918199976749348
21,6,ENSG00000112306,RPS12,6.641273,0.78977126,3.109851861827162e-11,7.272166446606973e-08,1.0,0.9961636423204151
21,7,ENSG00000071082,RPL31,6.3995094,0.8999032,1.5587673554285092e-10,3.402061712134569e-07,1.0,0.9912175944029338
21,8,ENSG00000105372,RPS19,6.307696,0.67870325,2.832204504402794e-10,5.592854770357194e-07,1.0,0.998309043447015
21,9,ENSG00000137154,RPS6,6.303807,0.71679884,2.904225398499368e-10,5.592854770357194e-07,1.0,0.9987423510637173
21,10,ENSG00000105640,RPL18A,6.1830506,0.6520826,6.287455659068421e-10,1.0833617019293787e-06,1.0,0.9976009553904525
21,11,ENSG00000137818,RPLP1,6.1718326,0.900681,6.750287495315608e-10,1.1049545601082118e-06,1.0,0.9964595597171875
21,12,ENSG00000144713,RPL32,6.0227184,0.71677727,1.7151190402113383e-09,2.673788911354228e-06,1.0,0.9979602836579617
21,13,ENSG00000177600,RPLP2,5.906893,0.69192106,3.4862009626679593e-09,5.1877839598101655e-06,1.0,0.9976009553904525
21,14,ENSG00000167526,RPL13,5.56324,0.49761632,2.648110033097045e-08,3.467753050541243e-05,1.0,0.9997569249955084
21,15,ENSG00000147403,RPL10,5.514204,0.54550445,3.503622559234814e-08,4.4115998209318975e-05,1.0,0.9996406717324907
21,16,ENSG00000142541,RPL13A,5.4881806,0.2493489,4.060945017060247e-08,4.923971035871051e-05,0.9705882352941176,0.9996723771678592
21,17,ENSG00000149273,RPS3,5.2782784,0.5429017,1.3040320712537717e-07,0.00014230467316235325,1.0,0.9984147282315765
21,18,ENSG00000063177,RPL18,5.2344365,0.62301254,1.6548874485967124e-07,0.00017476679126502957,1.0,0.9950962259963433
21,19,ENSG00000105193,RPS16,4.9816875,0.7699522,6.303209503225926e-07,0.0005895842077617439,1.0,0.9891884465393518
21,20,ENSG00000122026,RPL21,4.9252534,0.6396473,8.425108333047625e-07,0.0007661699905758697,1.0,0.9962059162342397
22,1,ENSG00000148926,ADM,7.5445695,12.326244,4.5378325009352694e-14,1.4855956041561884e-09,1.0,0.0007291094298152923
22,2,ENSG00000168685,IL7R,3.928666,2.714804,8.541836091796031e-05,1.0,0.7368421052631579,0.22254744494695464
22,3,ENSG00000167286,CD3D,3.6444988,2.0638945,0.0002679133685942622,1.0,0.9473684210526315,0.5227820279808952
22,4,ENSG00000160888,IER2,3.2335908,1.7953732,0.00122244409683166,1.0,1.0,0.6320956084365358
22,5,ENSG00000162244,RPL29,3.1486704,0.5142077,0.0016401510169717429,1.0,1.0,0.9867280950166956
22,6,ENSG00000182866,LCK,3.0405915,1.7852316,0.0023611394329890235,1.0,0.7368421052631579,0.36773532271017373
22,7,ENSG00000205246,RPSAP58,2.8705277,1.6464543,0.004097871839591442,1.0,0.7368421052631579,0.41496893359820786
22,8,ENSG00000089327,FXYD5,2.6750302,1.0991325,0.007472249671648614,1.0,0.9473684210526315,0.7706686673147639
22,9,ENSG00000167526,RPL13,2.5084512,0.30626416,0.012126170120173039,1.0,1.0,0.9997569635233949
22,10,ENSG00000149273,RPS3,2.4770138,0.34743363,0.013248678369394728,1.0,1.0,0.9984149795004016
22,11,ENSG00000133112,TPT1,2.4604218,0.48173147,0.013877381198892745,1.0,1.0,0.9783908871888076
22,12,ENSG00000130731,C16orf13,2.312601,1.9718499,0.020744581174455236,1.0,0.47368421052631576,0.17789213407160065
22,13,ENSG00000158050,DUSP2,2.3021681,2.0676696,0.021325692672947448,1.0,0.47368421052631576,0.19188258168138975
22,14,ENSG00000133872,TMEM66,2.191583,1.1215543,0.02840964188504245,1.0,0.8947368421052632,0.6479986474491737
22,15,ENSG00000133639,BTG1,2.150334,0.9454223,0.03152882247358329,1.0,0.9473684210526315,0.7875544190371528
22,16,ENSG00000102871,TRADD,2.134787,2.1031535,0.032778397765717074,1.0,0.42105263157894735,0.16647998647449175
22,17,ENSG00000198755,RPL10A,2.103316,0.33854368,0.03543814361784197,1.0,1.0,0.9883236823196246
22,18,ENSG00000165502,RPL36AL,2.0856705,0.7389952,0.037008493558523224,1.0,0.8421052631578947,0.7638213787564986
22,19,ENSG00000180879,SSR4,2.0700734,1.1784883,0.03844547332554568,1.0,0.7368421052631579,0.4925715372585485
22,20,ENSG00000142676,RPL11,2.0623903,0.3140478,0.03917058755539559,1.0,1.0,0.9982670442537723
