cluster,n_cells,branch,name,t_score,score[B cells],score[Monocytes],score[NK cells],score[CD34+ progenitors],lineage_tie,cd8_mean_x,cd4_mean_x,d[CD3D],d[CD3E],d[CD3G],d[CD79A],d[CD79B],d[MS4A1],d[CD19],d[CD14],d[LYZ],d[S100A8],d[S100A9],d[FCN1],d[GNLY],d[NKG7],d[KLRF1],d[NCAM1],d[CD34],d[CD8A],d[CD8B],d[CD4],mean_x[CD3D],mean_x[CD3E],mean_x[CD3G],mean_x[CD79A],mean_x[CD79B],mean_x[MS4A1],mean_x[CD19],mean_x[CD14],mean_x[LYZ],mean_x[S100A8],mean_x[S100A9],mean_x[FCN1],mean_x[GNLY],mean_x[NKG7],mean_x[KLRF1],mean_x[NCAM1],mean_x[CD34],mean_x[CD8A],mean_x[CD8B],mean_x[CD4]
0,24476,T,CD4 T cells,0.4805062491019067,-0.3675083996959996,-0.24792470468604608,-0.3523096130358454,-0.23494964389447742,0,0.010525680266285396,0.14405941023197727,0.49396709150001333,0.7409587955960362,0.2065928602096704,-0.4810909259544959,-0.4120389978365165,-0.3762935723205568,-0.20061010267242896,-0.18457789472976321,-0.2781931663365472,-0.27155427926262427,-0.27689359735808067,-0.22840458574321518,-0.47771261788412067,-0.5351791687593603,-0.3168357546290526,-0.07951091087084812,-0.23494964389447742,-0.4117549437839881,-0.5507383020932805,0.1599008672615399,1.880989479914388,2.0956888850811826,0.4721895158729204,0.028935249421814333,0.11171098256796905,0.0006346787613851413,0.0006300699118598456,0.002824171342614391,0.004708058490416528,0.0003729395070366658,0.009446195448354717,0.0,0.007050135406837644,0.009364707760414202,0.0014625771808593096,0.0,0.0,0.0007006610203537408,0.02035069951221705,0.14405941023197727
1,23104,T,CD8 T cells,0.47424075947350347,-0.3352959422477204,-0.24407238544467352,-0.29635827238277246,-0.22948264576058544,0,1.0615842092261132,0.025154692505246386,0.655473058513583,0.49397373556821356,0.273275484338714,-0.32086372116620643,-0.4548445917759144,-0.3688252248558586,-0.19665023119290204,-0.18498290197238867,-0.27770110783205476,-0.2630702162433001,-0.2719695800581931,-0.22263812111743092,-0.4023433169620033,-0.39891574418558146,-0.30889636234670825,-0.07527766603679677,-0.22948264576058544,0.9200806621679112,1.5477782406837988,-0.2006504528817437,2.0578178752193077,1.8594677738350018,0.5153797054637502,0.14820115481841267,0.07307620067407385,0.0007663931429303584,0.0006579010543565671,0.0016079736858028455,0.002164994833418207,0.0023815839440456056,0.009202068243330535,0.0005442119639501017,0.08170561301018887,0.14289856583932595,0.0022229208737364107,0.00023989427391016583,0.00019075569807657574,0.624459927230867,1.4987084912213593,0.025154692505246386
2,16601,T,CD4 T cells,0.4963497634970922,-0.3043830741007346,-0.21586990244129814,-0.13426075702141463,-0.21046670941792142,0,0.14307491718002935,0.16153409378936898,0.6893339847774055,0.5198600607753788,0.27985524493849234,-0.43662750439637515,-0.2689976686888594,-0.33099575188947666,-0.18091137142822739,-0.16642308088646857,-0.2493971913419952,-0.23984104750487928,-0.22140658448565523,-0.2022816079874926,-0.16272462966233855,-0.031192244579026692,-0.27681754530550556,-0.06630860853878774,-0.21046670941792142,-0.10813838411981731,-0.32634282095738004,0.19192846077799655,2.157632219153035,1.9336842704153903,0.5349527986126774,0.025424472050999715,0.1960506824928338,0.00480141791799874,0.000484859352405944,0.0026668993423275326,0.005125474365394766,0.003258678067355951,0.028481330220135326,0.0013180447015394095,0.33521663271212504,0.5296007615709497,0.0050455851767710995,0.0005005049666728782,0.00016842615991448446,0.13539579219684839,0.1507540421632103,0.16153409378936898
3,10472,lineage,B cells,-0.9180947234968299,2.3043777822255365,-0.2012804061064796,-0.29415769297631905,-0.19380702876284772,0,0.00016243730204263838,0.0004897290076619346,-1.1331686289891263,-1.1368964343748136,-0.48421910712655003,2.8376887666984913,2.5931468810827885,2.455752196034366,1.3309232850865003,-0.1598327781457839,-0.22450437733618966,-0.21254315821640177,-0.22362736794242574,-0.18589434889159695,-0.40326700716866826,-0.4521463544654238,-0.2549332886076029,-0.06628412166358112,-0.19380702876284772,-0.34452274661107846,-0.48316134672145444,-0.23356963945305373,0.0010709616635208188,0.0007847068280641864,0.0,3.0386060610516004,2.7442487805876867,1.6978680741545624,0.43420032999777813,0.0006620979677911384,0.00928713998282748,0.010352198008911769,0.014814698452526963,0.002084490119545764,0.0003867210369241247,0.0018893498287026074,0.005876020428057934,0.0,0.00048029387470781575,0.0,0.00032487460408527676,0.0004897290076619346
4,8579,lineage,NK cells,-0.7780753946534449,-0.2840061034016742,-0.20642946722705524,2.3648861747520367,-0.18904212896145597,0,0.10896007489291003,0.0,-0.99936124680722,-0.9597060216036639,-0.3751589155494507,-0.4091149743181993,-0.2544064058005927,-0.3068134658868988,-0.16568956760100598,-0.15810264271504798,-0.23235923518402674,-0.22002372965027867,-0.23544018689168636,-0.18622154169423644,3.2246182293511803,3.0543932294215677,2.555559326500689,0.6249739137347091,-0.18904212896145597,-0.05350926481553583,-0.4056764898317623,-0.22965683793533115,0.13654392544296964,0.1865754375884077,0.07238025049157792,0.012901557465924682,0.18644611878416759,0.000624710591693402,0.0,0.0,0.0012052252181747158,0.001389339512385804,0.0020671079091806764,0.0,4.909476145495762,4.4597676640443975,1.3822611630317256,0.07349583973124778,0.0006002240948555339,0.16064642496717074,0.05727372481864932,0.0
5,3140,lineage,Monocytes,-0.8445108279614743,-0.30155311159783793,4.718576202161113,-0.24932848818167097,-0.11870545443845301,0,0.0,0.5161768736732993,-1.0431910369461987,-1.044917012744547,-0.44542443419367705,-0.38938767819634185,-0.3786419504585939,-0.28479702569104565,-0.15338579204537026,3.9756485498611456,4.60714970343902,5.167597365237962,5.120729856435967,4.721755535831469,-0.33411329506715853,-0.35921012215998105,-0.24301696598629233,-0.060973569513251925,-0.11870545443845301,-0.3169202685675618,-0.4448101604289635,0.9973279469742424,0.0,0.00194446653317494,0.0,0.008267155802173978,0.050641039089792096,0.0031441008399246606,0.0007727909999288571,1.6265423192340098,3.24265597701832,4.214941638973868,4.329575704958788,2.457878283786166,0.05352363461142133,0.07876017433442888,0.0014370302485812241,0.0,0.015592359224702142,0.0,0.0,0.5161768736732993
6,2771,lineage,CD34+ progenitors,-0.792442290865515,-0.11843495873545086,0.0058063441222718695,-0.07751613400409445,2.2240482352655984,0,0.0005205119400409876,0.008374620585267787,-1.034697735762586,-0.8996484699138277,-0.4429806669201312,-0.01955325888780982,-0.16874514516450254,-0.14965692161170413,-0.13578450927778696,-0.09740792260746071,0.050749390559746775,0.06714913930630094,0.128568638757288,-0.12002752540451565,-0.20111101461889422,0.17350548725961346,-0.23730744737873222,-0.04515156127836476,2.2240482352655984,-0.31479803548708196,-0.4424441731407046,-0.1955337045841378,0.0057161036315527,0.18578624138114513,0.0005142291243521155,0.38179611899456106,0.25452692650234343,0.0927748053308774,0.006138034694593162,0.020075841463674755,0.18223230817695682,0.21648842840580165,0.28602256943972176,0.02742633732248841,0.24416788312253948,0.8017935828369303,0.003916576251962993,0.001771678781733105,0.6121492938890392,0.0005139696688395638,0.0005270542112424115,0.008374620585267787
7,2731,lineage,CD34+ progenitors,-0.8375476767915533,-0.23200594626481053,0.030368120629157353,-0.2509665885451323,2.232821453219369,0,0.000872630572764265,0.01777369622038817,-1.0365111714240636,-1.0326892640326821,-0.4434425949179143,-0.31183148759934765,-0.22937849137312574,-0.2551815658272673,-0.13163224025950132,-0.08179274714063321,0.18118784577730446,0.06207274008682488,0.08255136906566048,-0.09217860464336983,-0.36036608967188666,-0.3527468402774495,-0.23409235414622326,-0.056661070084969914,2.232821453219369,-0.314159891329421,-0.4418109362642367,-0.17345326756592847,0.0027083680333780395,0.011824968314266868,0.0,0.085206950029494,0.19510246970984405,0.022114648154610377,0.007431535112338379,0.02624480770604159,0.2702550678212142,0.21251384022907213,0.24862453174521223,0.041440528725058726,0.013339568989392996,0.08538410640470015,0.005547326897055794,0.00045983012627874353,0.61463131794603,0.0008173170477337385,0.0009279440977947916,0.01777369622038817
8,2337,lineage,CD34+ progenitors,-0.8345521385471645,-0.25936487765272787,0.028984858767114867,-0.2563825495966691,1.2787292859571637,0,0.0004391645232377319,0.013471429246993058,-1.0328012908624675,-1.029881700607945,-0.440973424171081,-0.3157362084703284,-0.3111809992286835,-0.2717439310173207,-0.13879837189457897,-0.08416187266013879,0.1937266087063958,0.06262392482930763,0.06772071250542985,-0.09498507954542015,-0.3569530127457036,-0.3732973790126853,-0.23483659713495755,-0.060443209493330124,1.2787292859571637,-0.3134153760990714,-0.4404775607652091,-0.18273802331641015,0.0017558794833678285,0.009730293473271055,0.00045485265957885795,0.07987153915242859,0.11372229256689115,0.010251759003511494,0.004978942549733662,0.025163409339601175,0.2792753083715084,0.21315926471529836,0.23679323078069006,0.03982033816779532,0.016067515798853564,0.055225306180587526,0.004629828989072187,0.0,0.37292334117285453,0.00045485265957885795,0.00042347638689660595,0.013471429246993058
9,444,lineage,Monocytes,-0.8084476740042766,-0.2572569903441721,1.6176453033938507,-0.19778021095394302,-0.05910795797767468,0,0.003968911530735256,0.4060058855527156,-1.006415980230629,-0.9862491475316957,-0.4326778942505053,-0.32646285641244244,-0.32129967072759225,-0.2567525907048329,-0.12451284353182071,0.41140704136393813,4.912445717153475,0.7368845754657561,1.0414714486983307,0.9860177342877536,-0.3458034010665562,-0.2299989174253405,-0.21880783186580285,0.0034893065419275408,-0.05910795797767468,-0.30275469284442713,-0.4269579328299174,0.7172285302886692,0.00942667379035606,0.040380805596575,0.0,0.062118501276583284,0.0972981117330156,0.016788633691297995,0.008702417617445593,0.22567441858149864,3.544933689875646,0.7583564509142626,1.0499667815259985,0.5974001178333351,0.021972471529299074,0.24471901491418616,0.01070435734482499,0.007313937485755027,0.030268636909691064,0.0031615294314719534,0.004776293629998559,0.4060058855527156
