label,0,1,2,3,4,5,6,7,8,9,10,11,12,13,14,15,16,17,18,19,20,21,22
b_cells,0,0,2,10053,2,0,0,0,0,1,25,0,1,0,0,0,0,0,0,0,0,1,0
cd14_monocytes,1,19,0,4,0,3,0,3,0,1,2472,3,106,0,0,0,0,0,0,0,0,0,0
cd34,14,0,0,362,6,4,0,6,4632,1,913,2738,230,326,0,0,0,0,0,0,0,0,0
cd4_t_helper,5,4787,4583,1,137,1,745,222,5,583,1,15,10,1,33,16,18,13,18,9,9,0,1
regulatory_t,5,5623,855,1,123,2,774,117,2,2638,6,3,4,1,21,7,16,19,27,5,10,1,3
naive_t,53,706,5296,2,35,10,4187,36,8,17,1,19,9,0,16,30,20,3,1,24,0,1,5
memory_t,190,114,84,1,8615,1,24,544,18,512,4,0,1,2,24,1,19,19,23,0,19,3,6
cd56_nk,7,0,0,0,18,8313,0,30,10,0,3,2,1,0,0,0,0,1,0,0,0,0,0
cytotoxic_t,5386,14,17,0,339,23,8,4336,1,14,0,1,0,0,12,23,20,7,2,1,0,4,1
naive_cytotoxic,11384,9,93,7,170,4,16,141,1,5,0,0,2,0,23,38,14,15,4,0,0,24,3
