label,0,1,2,3,4,5,6,7,8,9
b_cells,2868,956,911,1167,907,861,2042,87,269,17
cd14_monocytes,235,101,206,48,1081,58,691,102,85,5
cd34,129,390,68,861,0,2628,20,5011,112,13
cd4_t_helper,2322,2626,2888,598,1485,667,529,41,53,4
regulatory_t,1950,1987,3259,493,1355,468,628,53,62,8
naive_t,2389,1210,3536,281,2153,226,647,9,26,2
memory_t,2256,2993,1829,952,440,875,756,65,56,2
cd56_nk,666,2181,322,2911,263,1357,369,142,140,34
cytotoxic_t,1973,3889,1491,1047,649,770,334,25,29,2
naive_cytotoxic,4357,1468,975,2211,656,706,1521,6,52,1
