cluster,n_cells,plurality_lineage,plurality_share,plurality_tie,truth,plurality_population,plurality_population_share
0,17045,CD8 T cells,0.9838662364329716,False,CD8 T cells,naive_cytotoxic,0.6678791434438252
1,11272,CD4 T cells,0.9962739531582683,False,CD4 T cells,regulatory_t,0.498846699787083
2,10930,CD4 T cells,0.9897529734675206,False,CD4 T cells,naive_t,0.4845379688929552
3,10431,B cells,0.9637618636755824,False,B cells,b_cells,0.9637618636755824
4,9445,CD4 T cells,0.9433562731604024,False,CD4 T cells,memory_t,0.9121228163049232
5,8361,NK cells,0.9942590599210621,False,NK cells,cd56_nk,0.9942590599210621
6,5754,CD4 T cells,0.9958289885297185,False,CD4 T cells,naive_t,0.7276677094195343
7,5435,CD8 T cells,0.823735050597976,False,CD8 T cells,cytotoxic_t,0.7977920883164673
8,4677,CD34+ progenitors,0.9903784477228993,False,CD34+ progenitors,cd34,0.9903784477228993
9,3772,CD4 T cells,0.9941675503711559,False,CD4 T cells,regulatory_t,0.6993637327677624
10,3425,Monocytes,0.7217518248175182,False,Monocytes,cd14_monocytes,0.7217518248175182
11,2781,CD34+ progenitors,0.9845379359942467,False,CD34+ progenitors,cd34,0.9845379359942467
12,364,CD34+ progenitors,0.6318681318681318,False,CD34+ progenitors,cd34,0.6318681318681318
13,330,CD34+ progenitors,0.9878787878787879,False,CD34+ progenitors,cd34,0.9878787878787879
14,129,CD4 T cells,0.7286821705426356,False,CD4 T cells,cd4_t_helper,0.2558139534883721
15,115,CD8 T cells,0.5304347826086957,False,CD8 T cells,naive_cytotoxic,0.33043478260869563
16,107,CD4 T cells,0.6822429906542056,False,CD4 T cells,naive_t,0.18691588785046728
17,77,CD4 T cells,0.7012987012987013,False,CD4 T cells,regulatory_t,0.24675324675324675
18,75,CD4 T cells,0.92,False,CD4 T cells,regulatory_t,0.36
19,39,CD4 T cells,0.9743589743589743,False,CD4 T cells,naive_t,0.6153846153846154
20,38,CD4 T cells,1.0,False,CD4 T cells,memory_t,0.5
21,34,CD8 T cells,0.8235294117647058,False,CD8 T cells,naive_cytotoxic,0.7058823529411765
22,19,CD4 T cells,0.7894736842105263,False,CD4 T cells,memory_t,0.3157894736842105
