label,n_label,best_cluster,n_label_in_best,recovery,purity,key
b_cells,10085,0,10084,0.9999008428358949,0.1106502512783374,ten_labels
cd14_monocytes,2612,1,2553,0.9774119448698315,0.7250781028117013,ten_labels
cd34,9232,0,8282,0.8970970537261699,0.09087716988171264,ten_labels
cd4_t_helper,11213,0,11205,0.9992865424061357,0.12295081967213115,ten_labels
regulatory_t,10263,0,10260,0.9997076878105817,0.1125814734347225,ten_labels
naive_t,10479,0,10477,0.9998091420937112,0.11496258257072003,ten_labels
memory_t,10224,0,10223,0.9999021909233177,0.11217547786775517,ten_labels
cd56_nk,8385,0,8382,0.9996422182468694,0.09197445519784055,ten_labels
cytotoxic_t,10209,0,10209,1.0,0.11202185792349727,ten_labels
naive_cytotoxic,11953,0,11953,1.0,0.13115851383676783,ten_labels
B cells,10085,0,10084,0.9999008428358949,0.1106502512783374,six_lineages
Monocytes,2612,1,2553,0.9774119448698315,0.7250781028117013,six_lineages
CD34+ progenitors,9232,0,8282,0.8970970537261699,0.09087716988171264,six_lineages
CD4 T cells,42179,0,42165,0.9996680812726713,0.46267035354532887,six_lineages
NK cells,8385,0,8382,0.9996422182468694,0.09197445519784055,six_lineages
CD8 T cells,22162,0,22162,1.0,0.2431803717602651,six_lineages
