population,CD4,CD8A,CD8B,CD14,CD19,IL2RA,CD34,PTPRC,NCAM1
b_cells,0.0,0.0,9.915716410510659e-05,0.0,0.20218145761031234,0.005057015369360436,0.0,0.2484878532473971,0.0
cd14_monocytes,0.1776416539050536,0.00038284839203675346,0.0,0.5099540581929556,0.0015313935681470138,0.0,0.00038284839203675346,0.08384379785604901,0.0
cd34,0.048960138648180246,0.0017331022530329288,0.0015164644714038128,0.07365684575389948,0.014081455805892547,0.009857019064124783,0.3290727902946274,0.34391247833622185,0.0008665511265164644
cd4_t_helper,0.07892624632123428,0.0,0.006510300544011415,0.0015160973869615625,0.00017836439846606616,0.015250156068848658,0.00044591099616516543,0.23668955676446982,0.0
regulatory_t,0.07327292214752022,0.00029231218941829873,0.00311799668712852,0.00077949917178213,9.743739647276625e-05,0.06791386534151808,9.743739647276625e-05,0.2023774724739355,0.0
naive_t,0.056493940261475334,0.0,0.011165187517892928,0.001049718484588224,0.00047714476572192005,0.0013360053440213762,0.0009542895314438401,0.17501670006680026,0.0
memory_t,0.09722222222222222,0.0,0.0013693270735524257,0.0013693270735524257,0.00029342723004694836,0.0212245696400626,0.0004890453834115806,0.18300078247261345,0.0
cd56_nk,0.0,0.05652951699463327,0.0052474657125819914,0.00011926058437686345,0.0,0.0009540846750149076,0.00035778175313059033,0.5059033989266547,0.039236732259988076
cytotoxic_t,9.795278675678323e-05,0.3718287785287491,0.6187677539425996,0.0007836222940542658,0.0003918111470271329,0.0018611029483788814,0.0,0.35380546576550104,0.0002938583602703497
naive_cytotoxic,0.00016732201121057475,0.34367941102652055,0.7337070191583703,0.0005856270392370117,0.0002509830168158621,0.00016732201121057475,0.0,0.17376390864218189,0.0
