label_a,label_b,overlap
cd4_t_helper,naive_t,0.7480731806710081
cytotoxic_t,naive_cytotoxic,0.7077974704153779
cd4_t_helper,regulatory_t,0.6829814998683643
memory_t,cytotoxic_t,0.6458454912056333
regulatory_t,memory_t,0.6294910405627764
regulatory_t,naive_t,0.4317351173442778
cd4_t_helper,memory_t,0.42700115992685106
memory_t,naive_cytotoxic,0.3851143897322416
regulatory_t,cytotoxic_t,0.27690222035574585
cd4_t_helper,cytotoxic_t,0.2720202088313579
naive_t,memory_t,0.19644072405934157
cd14_monocytes,cd34,0.11694326412425256
cd56_nk,cytotoxic_t,0.046904104922679504
b_cells,cd34,0.04119620358667101
naive_t,cytotoxic_t,0.04114849908876988
naive_t,naive_cytotoxic,0.03821162740758814
cd4_t_helper,naive_cytotoxic,0.01761129452375411
memory_t,cd56_nk,0.016317248551935747
naive_t,cd56_nk,0.016291036797165332
regulatory_t,naive_cytotoxic,0.016171118882354174
cd56_nk,naive_cytotoxic,0.015599998822659672
cd14_monocytes,cd4_t_helper,0.015057212497690209
cd14_monocytes,regulatory_t,0.014464603888632488
cd14_monocytes,cytotoxic_t,0.014165390505359879
cd14_monocytes,memory_t,0.013880351190005441
cd34,naive_t,0.012464580063816667
cd34,cd56_nk,0.011515725551838567
cd14_monocytes,naive_t,0.011359443162559352
cd34,memory_t,0.011173797067016001
cd4_t_helper,cd56_nk,0.010751948460878503
cd34,naive_cytotoxic,0.01006837366049958
cd34,cytotoxic_t,0.009965337954939342
regulatory_t,cd56_nk,0.00906073661625894
cd14_monocytes,naive_cytotoxic,0.008211526282944083
cd14_monocytes,cd56_nk,0.0075384834546485605
cd34,cd4_t_helper,0.006988350749107288
b_cells,cd14_monocytes,0.006621360093113589
cd34,regulatory_t,0.0040171922966703594
b_cells,naive_t,0.0016670307349831992
b_cells,naive_cytotoxic,0.001592694838787897
b_cells,cd4_t_helper,0.0011898859692612792
b_cells,regulatory_t,0.0011898859692612792
b_cells,memory_t,0.0011885378818384889
b_cells,cytotoxic_t,0.0010907288051561726
b_cells,cd56_nk,0.0007932573128408527
