cluster,gene_id,scores,logfoldchanges,pvals,pvals_adj,pct_nz_group,pct_nz_reference,gene_symbol
0,ENSG00000167526,120.65341,0.5075039,0.0,0.0,0.999712748733483,0.9999446504677035,RPL13
0,ENSG00000147403,110.9097,0.44145676,0.0,0.0,0.9995691231002246,0.9999446504677035,RPL10
0,ENSG00000156508,98.31162,0.8072208,0.0,0.0,0.9822426489789523,0.9901477832512315,EEF1A1
0,ENSG00000142541,95.58168,0.3299035,0.0,0.0,0.9995821799759753,1.0,RPL13A
0,ENSG00000140988,85.079315,0.3078136,0.0,0.0,0.9995430093487231,1.0,RPS2
0,ENSG00000171223,83.493675,1.6059057,0.0,0.0,0.8260954718754896,0.6756517407427908,JUNB
0,ENSG00000100316,80.06449,0.32190472,0.0,0.0,0.9970230323288244,0.9998339514031106,RPL3
0,ENSG00000137154,79.3193,0.31973526,0.0,0.0,0.9984592886614091,0.9999446504677035,RPS6
0,ENSG00000166710,77.900856,0.67550784,0.0,0.0,0.9977542173708674,0.9996679028062213,B2M
0,ENSG00000122026,77.56173,0.3159864,0.0,0.0,0.9953648091084766,0.9997786018708142,RPL21
0,ENSG00000104529,77.17436,0.48940003,0.0,0.0,0.9611819083929597,0.991310123429457,EEF1D
0,ENSG00000234745,74.00999,0.75093794,0.0,0.0,0.9911343813652269,0.9928045608014612,HLA-B
0,ENSG00000205542,72.87072,0.693073,0.0,0.0,0.998864051809683,0.9996125532739248,TMSB4X
0,ENSG00000133639,72.71887,1.1094905,0.0,0.0,0.797814278999321,0.7442298112580948,BTG1
0,ENSG00000204525,67.19648,0.8181362,0.0,0.0,0.9629445866193137,0.9585985498422538,HLA-C
0,ENSG00000149273,64.829666,0.22881798,0.0,0.0,0.9980545255131352,0.9999446504677035,RPS3
0,ENSG00000105640,63.310497,0.25483385,0.0,0.0,0.9970622029560766,0.9998893009354071,RPL18A
0,ENSG00000227507,62.86632,1.5176169,0.0,0.0,0.8050216744137463,0.5755244368185088,LTB
0,ENSG00000198851,62.80648,1.6239159,0.0,0.0,0.5726876273045386,0.32855482371173966,CD3E
0,ENSG00000167286,59.558224,1.6052563,0.0,0.0,0.5733926985950801,0.30868434161731334,CD3D
1,ENSG00000138326,95.26596,1.105567,0.0,0.0,0.9932473570598328,0.9014205880816838,RPS24
1,ENSG00000177410,93.47202,2.0843418,0.0,0.0,0.7840814745115404,0.40196897686321614,ZFAS1
1,ENSG00000084207,87.51859,2.06121,0.0,0.0,0.7393037028837106,0.2976706533660626,GSTP1
1,ENSG00000156467,83.7947,2.365357,0.0,0.0,0.5910223058615155,0.15610800647621037,UQCRB
1,ENSG00000145592,83.66971,0.89934,0.0,0.0,0.9950738916256158,0.9055857314461796,RPL37
1,ENSG00000233276,81.98773,2.0178792,0.0,0.0,0.6813527425693253,0.25865670862276074,GPX1
1,ENSG00000197756,80.998604,0.84977114,0.0,0.0,0.995350639287098,0.9187209484514546,RPL37A
1,ENSG00000136810,80.5602,2.5701985,0.0,0.0,0.5222228372170256,0.10993889382148639,TXN
1,ENSG00000204472,80.32441,2.6682515,0.0,0.0,0.5144739026955222,0.1328406538883376,AIF1
1,ENSG00000198840,79.6507,2.1615782,0.0,0.0,0.5992140366413904,0.1753016138298428,MT-ND3
1,ENSG00000173660,79.360085,1.7337283,0.0,0.0,0.8019593734432944,0.3881417454431504,UQCRH
1,ENSG00000169567,76.71483,1.47586,0.0,0.0,0.8946698400398516,0.5610408941348514,HINT1
1,ENSG00000104408,76.34436,1.7269136,0.0,0.0,0.742292577627719,0.35198725648926726,EIF3E
1,ENSG00000113648,76.05498,2.4235518,0.0,0.0,0.5092710466596557,0.12183370763043819,H2AFY
1,ENSG00000213719,75.67457,1.7142519,0.0,0.0,0.8144683677422926,0.37884524990860186,CLIC1
1,ENSG00000111640,74.13985,1.310213,0.0,0.0,0.9475286433829634,0.6854468062881913,GAPDH
1,ENSG00000182004,73.86153,2.3177717,0.0,0.0,0.49947417944318373,0.11164934454483731,SNRPE
1,ENSG00000021355,73.75404,2.445169,0.0,0.0,0.490452205678862,0.12475844779861074,SERPINB1
1,ENSG00000177156,73.72488,2.115555,0.0,0.0,0.5464659323628716,0.15617329085496423,TALDO1
1,ENSG00000096384,73.32198,1.741153,0.0,0.0,0.6928100957546909,0.3100094009505406,HSP90AB1
