key	url	status	bytes	sha256	utc_time	path
b_cells	https://cf.10xgenomics.com/samples/cell-exp/1.1.0/b_cells/b_cells_filtered_gene_bc_matrices.tar.gz	200	18002076	fdc8a77c9bfc0e78c378850df5caa77cf54352c3e6f82eea8acc35032089a622	2026-09-27T17:33:29Z	data/raw/b_cells/b_cells_filtered_gene_bc_matrices.tar.gz
cd14_monocytes	https://cf.10xgenomics.com/samples/cell-exp/1.1.0/cd14_monocytes/cd14_monocytes_filtered_gene_bc_matrices.tar.gz	200	4222751	dcdc45e252a838b46c4d3672647218602f817904fc933ae12178ba9a3fa48b99	2026-09-27T17:33:34Z	data/raw/cd14_monocytes/cd14_monocytes_filtered_gene_bc_matrices.tar.gz
cd34	https://cf.10xgenomics.com/samples/cell-exp/1.1.0/cd34/cd34_filtered_gene_bc_matrices.tar.gz	200	38025642	acac2091e7d5a1aafa9eb4a28e73f976a8fa4098e8e65dfa6dce2412ab2ceee5	2026-09-27T17:33:35Z	data/raw/cd34/cd34_filtered_gene_bc_matrices.tar.gz
cd4_t_helper	https://cf.10xgenomics.com/samples/cell-exp/1.1.0/cd4_t_helper/cd4_t_helper_filtered_gene_bc_matrices.tar.gz	200	21044780	3dd88aa2e33f5f833eef265fd32f564cdb81703c2e391703b0648f808d06ee93	2026-09-27T17:33:40Z	data/raw/cd4_t_helper/cd4_t_helper_filtered_gene_bc_matrices.tar.gz
regulatory_t	https://cf.10xgenomics.com/samples/cell-exp/1.1.0/regulatory_t/regulatory_t_filtered_gene_bc_matrices.tar.gz	200	19276033	158f0f78f53db4fa070fb14bf4c69b8e062e8221d28490dc5f5838b3c5e65473	2026-09-27T17:33:43Z	data/raw/regulatory_t/regulatory_t_filtered_gene_bc_matrices.tar.gz
naive_t	https://cf.10xgenomics.com/samples/cell-exp/1.1.0/naive_t/naive_t_filtered_gene_bc_matrices.tar.gz	200	17568147	e119d323cfb47294665e0fbb959ccb5c841fe0b7d8b6498522af6f08242700f0	2026-09-27T17:33:47Z	data/raw/naive_t/naive_t_filtered_gene_bc_matrices.tar.gz
memory_t	https://cf.10xgenomics.com/samples/cell-exp/1.1.0/memory_t/memory_t_filtered_gene_bc_matrices.tar.gz	200	19992609	ab3eab4328e69af91b165a6a678a9ef562efbfed6320aaf8ae6f02796980fef4	2026-09-27T17:33:50Z	data/raw/memory_t/memory_t_filtered_gene_bc_matrices.tar.gz
cd56_nk	https://cf.10xgenomics.com/samples/cell-exp/1.1.0/cd56_nk/cd56_nk_filtered_gene_bc_matrices.tar.gz	200	20049592	17765693a1a67ce4e3b069c415d348702029a13a9dbc19885433397140cb5e00	2026-09-27T17:33:53Z	data/raw/cd56_nk/cd56_nk_filtered_gene_bc_matrices.tar.gz
cytotoxic_t	https://cf.10xgenomics.com/samples/cell-exp/1.1.0/cytotoxic_t/cytotoxic_t_filtered_gene_bc_matrices.tar.gz	200	20028549	e6557491c09c1abdd4bf0efd0afa6139c14e39c11402d022b1601b4a07132d02	2026-09-27T17:33:57Z	data/raw/cytotoxic_t/cytotoxic_t_filtered_gene_bc_matrices.tar.gz
naive_cytotoxic	https://cf.10xgenomics.com/samples/cell-exp/1.1.0/naive_cytotoxic/naive_cytotoxic_filtered_gene_bc_matrices.tar.gz	200	20856904	3f9f7d6ebca5d05f5a0a61208278c3677960aff0b7df906865633c0ddacddf0d	2026-09-27T17:34:00Z	data/raw/naive_cytotoxic/naive_cytotoxic_filtered_gene_bc_matrices.tar.gz
